Time Posted,Image URL,Instagram Post,Caption,Media Type,Reach,Plays,Total Interactions,Likes,Comments,Saves,Shares,Hashtags
08-16-2022 17:33:28,https://scontent-lax3-2.cdninstagram.com/v/t51.2885-15/299772816_724458398647743_7523433924478486261_n.jpg?_nc_cat=101&ccb=1-7&_nc_sid=8ae9d6&_nc_ohc=S0asCoBy2YkAX_HwfwM&_nc_ht=scontent-lax3-2.cdninstagram.com&edm=AEQ6tj4EAAAA&oh=00_AT8EM_IUBWnZa8618vFt-3xeoQl2KmG-ikN3DJjq0hcX7w&oe=630154A6,https://www.instagram.com/reel/ChVC3SFFCuc/,"Thor has a serious grudge against Thanos' head, and for good reasonâ 
.â 
.â 
.â 
ğ’ğ¦ğšğ¥ğ¥ ğƒğğ­ğšğ¢ğ¥ğ¬ ğ…ğšğ§ğ¬ ğğ¨ğ­ğ¢ğœğğ ğˆğ§ ğ€ğœğ­ğ¢ğ¨ğ§ ğŒğ¨ğ¯ğ¢ğ ğ…ğ¢ğ ğ¡ğ­ ğ’ğœğğ§ğğ¬ - Link in Bioâ 
.â 
.â 
Follow @totalnerd_ for more posts about movies, TV, and all things nerdy!â 
.â 
.â 
.â 
#thor #thorloveandthunder #thor4 #endgame #avengers #avengersendgame #thanos #thanosdidnothingwrong #taikawaititi #chrishemsworth #mcu #mcumemes #mcunews #mcucast #accuratemcu #mcuseries #mcunerd #mcuvillains #avengers4 #avengersageofultron #theavengers #avengersmovie #avengersfan",VIDEO,4112,4159,353,275,0,11,67,
08-16-2022 15:27:08,https://scontent-lax3-1.cdninstagram.com/v/t51.29350-15/299359177_193072969818894_9047594855659673301_n.jpg?_nc_cat=108&ccb=1-7&_nc_sid=8ae9d6&_nc_ohc=g2Q6IOk-0wAAX-vPtwc&_nc_ht=scontent-lax3-1.cdninstagram.com&edm=AEQ6tj4EAAAA&oh=00_AT88voJMpxeLUDbBmBp3lYMx1rOFSNr54JwsA9WmFzvL3Q&oe=630043A0,https://www.instagram.com/reel/ChU0OzYjYSd/,"This @shangchi scene definitely goes down in @marvel history ğŸ”¥ğŸš

@totalnerd_ 

#shangchi #shangchiandthelegendofthetenrings #marvel #mcu #marvelstudios #omgmcu #movies #films #marvelmovies #superheroes #reels #reelsinstagram #totalnerd #nerd #marvelcomics #disneyplus #underrated #actionscene #moviedetails",VIDEO,20136,21738,868,746,3,90,29,
08-15-2022 14:31:38,https://scontent-lax3-1.cdninstagram.com/v/t51.29350-15/299632115_430233019139741_4593263133195037057_n.jpg?_nc_cat=102&ccb=1-7&_nc_sid=8ae9d6&_nc_ohc=OHzbgVOeyDsAX-uTZza&_nc_ht=scontent-lax3-1.cdninstagram.com&edm=AEQ6tj4EAAAA&oh=00_AT8tmw3dwqIbxyoijm-qkET6mlIC6jhsyxtpft997PGSdw&oe=6300C1DD,https://www.instagram.com/reel/ChSJTK8DyvR/,"Out of sight, out of mind. Â¯\_(ãƒ„)_/Â¯ 

@totalnerd_ 

#groot #iamgroot #guardiansofthegalaxy #guardiansofthegalaxyvol3 #marvel #mcu #marvelstudios #omgmcu #movies #films #actionmovies #reels #totalnerd #disneyplus #meme #mrbluesky #funny #nerd",VIDEO,67817,69225,5556,4099,5,507,945,
08-12-2022 18:31:34,https://scontent-lax3-1.cdninstagram.com/v/t51.29350-15/299195843_836225770693043_6688071000135359708_n.jpg?_nc_cat=110&ccb=1-7&_nc_sid=8ae9d6&_nc_ohc=2BwR-aYKTe4AX_aJfC_&_nc_ht=scontent-lax3-1.cdninstagram.com&edm=AEQ6tj4EAAAA&oh=00_AT8zz_pLKQe5XRTNyPBHdMDLKOUNCjkWwrdtIPXSHuwGhQ&oe=6301B084,https://www.instagram.com/reel/ChK1o6TDmIx/,"A lot of injuries were involved in the making of these moviesâ€¦

@totalnerd_ 
@ranker 

#lordoftherings #LOTR #tolkien #fantasy #hobbit #elves #totalnerd #jrrtolkien #middleearth #fellowshipofthering #returnoftheking #thetwotowers #aragorn #gandalf #bilbo #wizards #theshire #theringsofpower",VIDEO,80926,82701,5994,3829,16,1445,704,
08-10-2022 22:36:30,https://scontent-lax3-2.cdninstagram.com/v/t51.29350-15/298224084_796563064695204_2756150449879620091_n.jpg?_nc_cat=107&ccb=1-7&_nc_sid=8ae9d6&_nc_ohc=ofMDusfo8FYAX-J5ewm&_nc_ht=scontent-lax3-2.cdninstagram.com&edm=AEQ6tj4EAAAA&oh=00_AT9Kfl5K9OR00-XAtKL4uxAg2ULdilMnbQ2HtF_LYBzcEA&oe=63011608,https://www.instagram.com/reel/ChGIpCOD627/,"#Groot and #StarLord know how to boogieğŸ•º
#IAmGrootâ€™s first episode drops today on @disneyplusâ€¦ whoâ€™s watching? âœ‹

@totalnerd_ 

#marvel #guardiansofthegalaxy #guardiansofthegalaxyvol3 #mcu #omgmcu #peterquill #stopscrolling #movies #films #marveledit #totalnerd #disneyplus #marvelcomics #dancebreak #superheroes #guardiansofthegalaxysoundtrack",VIDEO,13402,14144,457,364,2,34,57,
08-09-2022 19:36:05,https://scontent-lax3-1.cdninstagram.com/v/t51.29350-15/298361930_1381354182355535_220397213263619187_n.jpg?_nc_cat=105&ccb=1-7&_nc_sid=8ae9d6&_nc_ohc=-XerbYBufYsAX90mA7s&_nc_ht=scontent-lax3-1.cdninstagram.com&edm=AEQ6tj4EAAAA&oh=00_AT9cj7M5EI4Ylw9ODulsn-N72sLGtQ1ix5FQ5SBtIUW-RA&oe=6301AAFB,https://www.instagram.com/reel/ChDPWPWDskK/,"Mushu flips the newspaper from left to right because traditional Chinese text was written in columns going from right to left.

Follow @totalnerd_ for more posts about movies, TV, and all things nerdy!â  

#disney #mulan #eddiemurphy #disneymovies #disneyplus #disneyprincess #disneychannel #disneyinsta #disneyfan #disneymagic #disneyaddict #disneyaddicts #disneyblogger #disneypixar #disneykid #disneyblogger #disneycharacters #disneymovie #disneyfans #disneyfanatic #dineyfandom #disneygeek #disneygeeks #disneynerd #disneynerds #disneynerdforlife",VIDEO,26319,25989,942,814,6,80,42,
08-05-2022 16:43:47,https://scontent-lax3-2.cdninstagram.com/v/t51.29350-15/297436843_436704178396394_792494893302052957_n.jpg?_nc_cat=103&ccb=1-7&_nc_sid=8ae9d6&_nc_ohc=kUzexNhgbUAAX9El2lT&_nc_ht=scontent-lax3-2.cdninstagram.com&edm=AEQ6tj4EAAAA&oh=00_AT--dPGkhLgfUcsqWdUvi2EEk8f49nSaW_uH3v4YBbsBoA&oe=6301D976,https://www.instagram.com/reel/Cg4mKGnDG2m/,"Which project are you most excited for? ğŸ’¥â¬‡ï¸

@totalnerd_ 
@marvel @marvelstudios 

#mcu #marvel #totalnerd #movies #film #marvelcomics #disneyplus #superheroes #marvelphase5 #phase5 #omgmcu #marvelmovies #comiccon #reels #reelsinstagram",VIDEO,25446,25759,746,606,10,70,60,
08-02-2022 22:53:30,https://scontent-lax3-1.cdninstagram.com/v/t51.29350-15/297069187_511393950756303_8329689112936758797_n.jpg?_nc_cat=110&ccb=1-7&_nc_sid=8ae9d6&_nc_ohc=gT_SPJ5_fjEAX-E1FEF&_nc_ht=scontent-lax3-1.cdninstagram.com&edm=AEQ6tj4EAAAA&oh=00_AT9P1DwkZ5KfVZd05Xpg--XSiZvvvr-7_7Yy3r__l7tB7g&oe=6301DE89,https://www.instagram.com/reel/Cgxj_CpDUOo/,"Itâ€™s not looking good for #Wakanda ğŸ«£ğŸŒŠ

@totalnerd_ 
@blackpanther 

#blackpanther #wakandaforever #chadwickboseman #avengers #marvel #mcu #totalnerd #comic #movies #superhero",VIDEO,47844,47150,1712,1319,24,231,138,"I got a cool giant print of the  the submariner attacks, ironman#54 .. So be good to see him in a live adaption. 9bvs missed my chance to see him fight downeys ironman but the multiverse could fix that."
08-02-2022 20:09:19,https://scontent-lax3-2.cdninstagram.com/v/t51.29350-15/296895745_594504622051780_4515598317675355819_n.jpg?_nc_cat=107&ccb=1-7&_nc_sid=8ae9d6&_nc_ohc=xUhAGeoycZcAX9Gb5Sp&_nc_ht=scontent-lax3-2.cdninstagram.com&edm=AEQ6tj4EAAAA&oh=00_AT8KTE_7XZabdNMpixSesgYEpKh-v4uvWoFSeAjdzH7J9Q&oe=63008AF8,https://www.instagram.com/reel/CgxR1QnDph_/,"Even superhero movies can make fun of superhero movies ğŸ˜‚

#superhero #superheroes #superheroday #superheromemes #superherocostume #superherocomics #superheroteam #superheronerd #superheronerds #superherofilm #superherofilms #superheromovie #superheromovies #mcu #mcumemes #mcumarathon #omgmcu #mcuspiderman #mcumovies #mcufan #mcufacts #mcunerd #spidermannowayhome #spidermanhomecoming #spidermanfarfromhome #mcuvillains #avengers #avengers4",VIDEO,33706,35453,1075,885,1,150,39,
08-01-2022 14:43:55,https://scontent-lax3-2.cdninstagram.com/v/t51.29350-15/296398818_147192484597538_4636818422690247852_n.jpg?_nc_cat=106&ccb=1-7&_nc_sid=8ae9d6&_nc_ohc=RgMAAQbaYfMAX_Miqqi&_nc_ht=scontent-lax3-2.cdninstagram.com&edm=AEQ6tj4EAAAA&oh=00_AT-FCzn8RyDq1hajzGa0K7mE8uSbPTylEIR1_a0KLM3KYQ&oe=6301D6DD,https://www.instagram.com/reel/CguHRIoDtaz/,"HOW is it August already? ğŸ¤¨

@totalnerd_ 
@wbpictures 

#harrypotter #gryffindor #summer #summerbreak #warnerbrospictures #movies #film #wizard #totalnerd #wizardingworld #hogwarts #halfbloodprince #prisonerofazkaban #auntmarge #felixfelicis #liquidluck #summerproblems",VIDEO,30053,31332,954,789,5,95,65,
07-27-2022 19:38:10,https://scontent-lax3-2.cdninstagram.com/v/t51.29350-15/295770380_573342857592301_1771930815977093420_n.jpg?_nc_cat=107&ccb=1-7&_nc_sid=8ae9d6&_nc_ohc=Ux62mKvHrJkAX8j7h0G&_nc_ht=scontent-lax3-2.cdninstagram.com&edm=AEQ6tj4EAAAA&oh=00_AT9LgDDO36G3ssfYF0QLW7Q642oJUz-U1MLqAR0Lht4mCQ&oe=63008304,https://www.instagram.com/reel/CghxbR2jYy_/,PokÃ©mon fans were IN HEAVEN at San Diego Comic-Con!,VIDEO,21033,20347,507,411,1,34,61,
07-27-2022 17:57:59,https://scontent-lax3-2.cdninstagram.com/v/t51.29350-15/295936386_1654307148284019_3513692036974109260_n.jpg?_nc_cat=101&ccb=1-7&_nc_sid=8ae9d6&_nc_ohc=FAcuwg02CEYAX-u3ra5&_nc_ht=scontent-lax3-2.cdninstagram.com&edm=AEQ6tj4EAAAA&oh=00_AT8OYUi3gOwEUFhvEvcRLaG8KW-6hKEa8CiIf1EgCYDtLw&oe=63019C2E,https://www.instagram.com/reel/CghlmICj48K/,"The Golden Trio in the first film vs the last filmsâ€¦ Whoâ€™s your favorite #HarryPotter character?

@totalnerd_ 

#hp #goldentrio #hermionegranger #ronweasley #harrypotteredit #totalnerd #movies #film #warnerbros #wizardingworld #magic #gryffindor #sorcerersstone #deathlyhallows #witch #wizard #hogwarts",VIDEO,22333,22149,955,852,6,76,21,
07-26-2022 17:59:52,https://scontent-lax3-2.cdninstagram.com/v/t51.29350-15/295776313_789174412263562_5113662007462972428_n.jpg?_nc_cat=107&ccb=1-7&_nc_sid=8ae9d6&_nc_ohc=N4cMJjBVog8AX81yewW&_nc_ht=scontent-lax3-2.cdninstagram.com&edm=AEQ6tj4EAAAA&oh=00_AT9V6ViMn64EhWCvtOQfYxIhNTYT8LuPTMV6o06QOm1eGA&oe=630066D2,https://www.instagram.com/reel/CgfAf6EDQfr/,"Between Shuri, Nakia, Okoye, Mâ€™Baku, and Ramonda, who do you think is the next Black Panther?

@totalnerd_ 
@blackpanther 

#blackpanther #wakandaforever #blackpantherwakandaforever #marvel #mcu #avengers #sdcc #comiccon #comics #superhero #chadwickboseman #danaigurira #winstonduke #lupitanyongo #letitiawright #angelabassett #phase4 #tchalla",VIDEO,20390,20505,585,490,33,45,17,
07-25-2022 16:26:24,https://scontent-lax3-1.cdninstagram.com/v/t51.29350-15/295275732_764662838010983_218449203468962036_n.jpg?_nc_cat=110&ccb=1-7&_nc_sid=8ae9d6&_nc_ohc=BK94z5NJZg0AX-eE8DO&_nc_ht=scontent-lax3-1.cdninstagram.com&edm=AEQ6tj4EAAAA&oh=00_AT8B3Yi7RBFKAt3_Y5EMiKPKITqyVfHhpHh34hLpuQ29mw&oe=63016054,https://www.instagram.com/reel/CgcR-vyFXcG/,How is everyone at San Diego Comic-Con so creative?!,VIDEO,39894,39571,2216,1905,12,100,199,
07-24-2022 03:53:02,https://scontent-lax3-1.cdninstagram.com/v/t51.29350-15/295419559_2021473588046805_7947500386072692407_n.jpg?_nc_cat=102&ccb=1-7&_nc_sid=8ae9d6&_nc_ohc=TSHpS446s44AX-Pr5xz&_nc_ht=scontent-lax3-1.cdninstagram.com&edm=AEQ6tj4EAAAA&oh=00_AT8smTfF-QSD0f1OJ2YOMCIY9zFAK2mXai3ZPy8AVFh8dg&oe=63010480,https://www.instagram.com/reel/CgYW12rj_2O/,Is it even #comiccon if you don't see Deadpool?,VIDEO,221445,225709,10488,9072,16,557,843,
07-20-2022 22:35:11,https://scontent-lax3-1.cdninstagram.com/v/t51.29350-15/295072272_998467314106891_8837663786778711534_n.jpg?_nc_cat=108&ccb=1-7&_nc_sid=8ae9d6&_nc_ohc=znBI5frN1cEAX_1TIEA&_nc_oc=AQmN8cKYghUy8CjZSFNsXGMGH7a7URsgFjala_ftLNPK9Bog6aBvDohYO-up4yD-q3s82H_bcVcJXNTarGIwu--2&_nc_ht=scontent-lax3-1.cdninstagram.com&edm=AEQ6tj4EAAAA&oh=00_AT_zU0VBBkGIX5s_ZlOTpJTXtIRjHs0mg40IdkBSI_TXcg&oe=6300F24D,https://www.instagram.com/reel/CgQDsR3jb3f/,"Who is the best Spider-Man? ğŸ•¸

@totalnerd_ 
ğŸ¥: @theboystv 

#marvel #mcu #avengers #spiderman #theboys #homelander #amazonprimevideo #disneyplus #thor #andrewgarfield #tobeymaguire #tomholland #marvelmemes #movies #tv",VIDEO,85890,81779,5690,4447,84,455,704,
07-13-2022 18:35:40,https://scontent-lax3-1.cdninstagram.com/v/t51.29350-15/293174066_765217107989937_6648496561109618213_n.jpg?_nc_cat=104&ccb=1-7&_nc_sid=8ae9d6&_nc_ohc=UD8nea0TLvcAX-W_5dY&_nc_ht=scontent-lax3-1.cdninstagram.com&edm=AEQ6tj4EAAAA&oh=00_AT8TL-v0HuhqQaPmzWvCnZsTdeeVjIx_XXuz86aorqz92g&oe=63014CEC,https://www.instagram.com/reel/Cf9m8JkjM-D/,"Voldemort hugging Draco made us all uncomfortable, right?

@totalnerd_ 
@ranker 

#harrypotter #wizardingworld #hogwarts #dracomalfoy #tomfelton #hermionegranger #emmawatson #helenabonhamcarter #bellatrixlestrange #chamberofsecrets #deathlyhallows #danielradcliffe #voldemort #gryffindor #slytherin #magic #wizard #witch #totalnerd",VIDEO,39079,39524,1953,1402,2,388,161,
07-12-2022 20:00:05,https://scontent-lax3-1.cdninstagram.com/v/t51.29350-15/293095640_725452305377153_3875482369152808365_n.jpg?_nc_cat=105&ccb=1-7&_nc_sid=8ae9d6&_nc_ohc=oevUkPzH6OwAX9yi2tA&_nc_ht=scontent-lax3-1.cdninstagram.com&edm=AEQ6tj4EAAAA&oh=00_AT9r7lZXu8ugsHD2ediuhMLfjXik9OmcHDrSvarBiFg20Q&oe=63013C62,https://www.instagram.com/reel/Cf7MGqIDUST/,"The mighty #mjolnirâ€¦ reduced to a ğŸ§» holder.

@totalnerd_ 
@marvel @jimmykimmellive 

#thor #chrishemsworth #mcu #totalnerd #marvel #movies #film #disneyplus #thanos #superheroes #thorloveandthunder #avengers #omgmcu",VIDEO,51885,53079,2256,1761,26,360,109,
07-08-2022 17:43:50,https://scontent-lax3-2.cdninstagram.com/v/t51.29350-15/292266151_406788301405228_894753111727309447_n.jpg?_nc_cat=107&ccb=1-7&_nc_sid=8ae9d6&_nc_ohc=eB0Qkf4vuokAX88zcu7&_nc_oc=AQnjIjtu-xI5ZQH87n1kZi_Ztp9ZqQCGmC9uT9U_YKr6m6fmMrRFJHG-owI5dNxYWsgy91iibm2BizydMIyMPFgD&_nc_ht=scontent-lax3-2.cdninstagram.com&edm=AEQ6tj4EAAAA&oh=00_AT9N4qYkRLj4EYhzcpbFNVogoKcvhGEiYMOqtLcs4ydbcQ&oe=6301DD9C,https://www.instagram.com/reel/CfwowmBjNKu/,"#mjolnir or BUST ğŸ”¨
â€œThor: Love and Thunderâ€ - whoâ€™s watching this weekend?!

@totalnerd_ 
@thorofficial @marvel 
@chrishemsworth @natalieportman @taikawaititi @tessamaethompson 

#thor #thorloveandthunder #godofthunder #mcu #marvel #loki #thorodinson #nerds #chrishemsworth #taikawaititi #reelsinstagram",VIDEO,26991,29218,1057,950,0,72,35,
07-01-2022 12:47:29,https://scontent-lax3-2.cdninstagram.com/v/t51.29350-15/291071529_443532177297082_4221839108689086463_n.jpg?_nc_cat=100&ccb=1-7&_nc_sid=8ae9d6&_nc_ohc=KyxqQc187ZkAX-Ig79e&_nc_ht=scontent-lax3-2.cdninstagram.com&edm=AEQ6tj4EAAAA&oh=00_AT9xGKkv5jRtm72Z-OKFCKpaBpgIERlsski-kuM0TLJboQ&oe=63018572,https://www.instagram.com/reel/CfeFbjADLN1/,"ğŸ’¥ Number Eleven ğŸ’¥
VOL. 2 IS OUT! Whoâ€™s watching?!

@_thegraveyardshift
@totalnerd_
@strangerthingstv @netflix @milliebobbybrown 

#eleven #janehopper #milliebobbybrown #strangerthings #netflix #vecna #strangerthingsseason4 #theupsidedown #nerd",VIDEO,64726,66460,2251,2059,19,106,67,
06-30-2022 20:43:11,https://scontent-lax3-1.cdninstagram.com/v/t51.29350-15/290759533_136236939045794_4105364724354722212_n.jpg?_nc_cat=102&ccb=1-7&_nc_sid=8ae9d6&_nc_ohc=sQ15a5e4D3cAX-rnIt2&_nc_ht=scontent-lax3-1.cdninstagram.com&edm=AEQ6tj4EAAAA&oh=00_AT_rEEEE_g6z1hHl2nCFR-WbDLS8rIX_wMoIDGOiSxZqZQ&oe=630141FA,https://www.instagram.com/reel/CfcW8CTD7fI/,"Stormbreaker is a constant reminder of Heimdall and his sacrifice â¤ï¸

ğŸ¤ @totalnerd_ 

#mcu #thor #thorloveandthunder #multiverseofmadness #chrishemsworth #avengers #marvel #taikawaititi #heimdall #natalieportman",VIDEO,130800,122564,5749,4744,23,796,186,
06-29-2022 20:45:55,https://scontent-lax3-2.cdninstagram.com/v/t51.29350-15/290902954_997414927624256_4865694023528980928_n.jpg?_nc_cat=106&ccb=1-7&_nc_sid=8ae9d6&_nc_ohc=e5HdTfc_Am8AX_UGeEv&_nc_ht=scontent-lax3-2.cdninstagram.com&edm=AEQ6tj4EAAAA&oh=00_AT-fgklRPJveYZ7-aLS-9DGQzDZgT4eqWrBPxKKEVLh5Jw&oe=630167F0,https://www.instagram.com/reel/CfZybH1j9HA/,"Can you think of any actors who could ever top #willemdafoe #greengoblin performance? ğŸ‘¹

@ranker 
@totalnerd_ 

#greengoblin #spiderman #nowayhome #willemdafoe #antagonist #totalnerd #ranker #spidey",VIDEO,35391,35509,1974,1670,5,200,99,
06-27-2022 18:53:47,https://scontent-lax3-1.cdninstagram.com/v/t51.29350-15/290264783_1076335803234710_8550498127382751519_n.jpg?_nc_cat=105&ccb=1-7&_nc_sid=8ae9d6&_nc_ohc=dQLqBIdbiGUAX9Ujp68&_nc_oc=AQlq-qyd2LmdeJytCA_oAOPecO3UIHO28XJu5Wti7D9Zd9R5bmOWrtc0prGyAQHFGi6DKgwN3g6bXvJ0oFsuxEVx&_nc_ht=scontent-lax3-1.cdninstagram.com&edm=AEQ6tj4EAAAA&oh=00_AT_WUUOrF1jG1u8mEsLYP6Wo-XpRK5OYgW-ipLAXnp8TWQ&oe=6300CB53,https://www.instagram.com/reel/CfUcgLzDsix/,"This sheds a whole new light on the iconic #kiss between #TobeyMaguire and @kirstendunst ğŸ˜¯ HAPPY BDAY @tobeymaguir ğŸ‰

@watchworthyapp 
@totalnerd_ 

#spiderman #marvel #spidey #peterparker #mj #maryjanewatson #ranked #upsidedownkiss #reels",VIDEO,107463,98583,5649,4247,9,728,665,
06-24-2022 19:54:43,https://scontent-lax3-2.cdninstagram.com/v/t51.29350-15/290250107_560500522119458_2625635571407778099_n.jpg?_nc_cat=106&ccb=1-7&_nc_sid=8ae9d6&_nc_ohc=7XSvj7cTi8MAX8WmMoW&_nc_ht=scontent-lax3-2.cdninstagram.com&edm=AEQ6tj4EAAAA&oh=00_AT98wetAeZITqYeU8kA5_iM33XUTGhrK4jAEo0AjMcn1rw&oe=6300DF7A,https://www.instagram.com/reel/CfM07SWDMZT/,"@southpark has over 300 eps ğŸ˜§
If you enjoyed this vid, Visit our Nerdstalgic YouTube channel to watch similar videos âš¡ï¸

@totalnerd_ 
@ranker 

#southpark #southparkedit #worldofwarcraft #videogames #comedycentral #ranker #totalnerd",VIDEO,16987,16133,374,308,2,47,17,
06-22-2022 18:58:01,https://scontent-lax3-1.cdninstagram.com/v/t51.29350-15/289673548_1004219586942306_4030783614825887375_n.jpg?_nc_cat=102&ccb=1-7&_nc_sid=8ae9d6&_nc_ohc=2TCn9FuM5nYAX-BXSQ1&_nc_ht=scontent-lax3-1.cdninstagram.com&edm=AEQ6tj4EAAAA&oh=00_AT_pEHsri4qmNhsVB0RzsTvkU5jk5qfwHyirHlKuxhw2yg&oe=63011416,https://www.instagram.com/tv/CfHkaasjX2r/,"The dramatic story of why Saruman disappeared after 'The Two Towers' 
.
Follow @totalnerd_ for more posts about movies, TV, and all things nerdy!â 
.
#lotr #lordoftherings #saruman #lotrmovies #lotrringsofpower #fantasy ##lordoftheringstrilogy #saruman #christopherlee #peterjackson #frodobaggins #hobbits #frodo #gandalf #gandalfthegrey #thehobbit #hobbit #hobbittrilogy",VIDEO,9742,n/a,n/a,183,3,26,n/a,
06-16-2022 16:06:36,https://scontent-lax3-1.cdninstagram.com/v/t51.29350-15/288351562_3203929466488536_5959846257839849522_n.jpg?_nc_cat=105&ccb=1-7&_nc_sid=8ae9d6&_nc_ohc=jPs-jI2Y1cEAX-Ozq86&_nc_ht=scontent-lax3-1.cdninstagram.com&edm=AEQ6tj4EAAAA&oh=00_AT9OQcEAnNw_Ob2xt4C_XRXAzkjRlBgHIx2VLbxXZhiHCw&oe=6300891E,https://www.instagram.com/tv/Ce30WpgFTwq/,"Why Willem Dafoe was the perfect choice to play Green Goblin

#mcu #spiderman #spidermannowayhome #greengoblin #willemdafoe #spidermanmovies #spidermanvillains #villains #videoessay #essay",VIDEO,29980,n/a,n/a,738,4,142,n/a,
06-09-2022 17:02:36,https://scontent-lax3-1.cdninstagram.com/v/t51.29350-15/286943021_1637791559922367_7820715230637563412_n.jpg?_nc_cat=110&ccb=1-7&_nc_sid=8ae9d6&_nc_ohc=jJY2FWAKBjkAX_9k09A&_nc_ht=scontent-lax3-1.cdninstagram.com&edm=AEQ6tj4EAAAA&oh=00_AT8OToXMLLzIB1yNSLa40-J03KJvjh-lG8OO93amh54ZEQ&oe=6300EAB4,https://www.instagram.com/reel/Cel5iZ7DSJ7/,"Whoâ€™s looking forward to @jurassicworld this weekend? ğŸ¦–ğŸ¦•

@totalnerd_ 
@ranker 

#jurassicworlddominion #jurassicpark #jurassicworld #jurassicworldedit #chrispratt #totalnerd #ranker",VIDEO,30869,31755,861,634,4,170,53,
06-08-2022 17:06:54,https://scontent-lax3-1.cdninstagram.com/v/t51.29350-15/286090698_549612203541137_8567448658144562382_n.jpg?_nc_cat=109&ccb=1-7&_nc_sid=8ae9d6&_nc_ohc=deUTfw5HcicAX-KvojI&_nc_oc=AQkd5wOztCsrobRbGolhkCoHqr4Af1boyyDFIrwTD6l0bBCuuGo_Li57bHfTt7I6P7HtwCH3-TaJggK_ZeSO4Ghz&_nc_ht=scontent-lax3-1.cdninstagram.com&edm=AEQ6tj4EAAAA&oh=00_AT_SJrQZJNMj2cnxVCHzvTBGb73JJENPlj0CLcV-U8fquw&oe=630195C9,https://www.instagram.com/reel/CejVOvYjQDa/,"Whoâ€™s ready for the new season of @umbrellaacad ğŸ’¥ 
Whoâ€™s your favorite character? ğŸ‘ŠğŸ¼

@ranker 
@totalnerd_ 

#umbrellaacademy #netflix #umbrellaacademyedit #fightscene #action #ranker #totalnerd",VIDEO,27429,27422,596,487,7,80,22,
06-03-2022 16:46:22,https://scontent-lax3-2.cdninstagram.com/v/t51.29350-15/285825054_552914519568759_8676343354538367375_n.jpg?_nc_cat=103&ccb=1-7&_nc_sid=8ae9d6&_nc_ohc=sCSNQeSgurEAX_c6j0_&_nc_ht=scontent-lax3-2.cdninstagram.com&edm=AEQ6tj4EAAAA&oh=00_AT-Xg-KYt5lbXKFjtWpgkvrR9cs2fdx0HWoptTK_kyPhYA&oe=6300C0C9,https://www.instagram.com/reel/CeWapjZD1Vc/,"@dannyelfman thank you for these iconic soundtracks! ğŸ•¸ğŸ¶

@ranker 
@totalnerd_ 

#spiderman #mcu #dannyelfman #musicfacts #samraimi #mcuedit #tobeymaguire #nightmarebeforechristmas",VIDEO,25248,25241,776,662,13,82,19,
06-02-2022 19:14:08,https://scontent-lax3-2.cdninstagram.com/v/t51.29350-15/285554111_967613687250391_5027271714613339239_n.jpg?_nc_cat=103&ccb=1-7&_nc_sid=8ae9d6&_nc_ohc=TCRlmiOe4dwAX8B_jl2&_nc_ht=scontent-lax3-2.cdninstagram.com&edm=AEQ6tj4EAAAA&oh=00_AT9OYdNpZ4pxd-vP0-RR5P25CviExkD6NPLm-ABKRjEMEg&oe=6300BDDD,https://www.instagram.com/tv/CeUGObHjGWe/,"The story of why @doncheadle replaced Terrance Howard as War Machine

#mcu #warmachine #ironman #jonfavreau #nerdstalgic #doncheadle #terrancehoward #ironmanmovies",VIDEO,46897,n/a,n/a,1251,7,345,n/a,
06-01-2022 21:07:31,https://scontent-lax3-1.cdninstagram.com/v/t51.29350-15/285020729_512459780631943_2184645196375038962_n.jpg?_nc_cat=108&ccb=1-7&_nc_sid=8ae9d6&_nc_ohc=uw0fcSP-C6EAX87KOgK&_nc_ht=scontent-lax3-1.cdninstagram.com&edm=AEQ6tj4EAAAA&oh=00_AT_BxOfiVNE2cO08mNAW4wl0Ipgw4JqXclTb1DCXLOc3Sg&oe=63014F45,https://www.instagram.com/reel/CeRulrVPoT-/,"Wishing a happy birthday to @tomholland2013 the perfect Peter Parker on and off screen ğŸ•·

@totalnerd_ 
@tomholland2013 

#tomholland #mcu #peterparker #spiderman #spidey #nwh #marvel #andrewgarfield #tobeymaguire #gq #latenight #totalnerd #ranker",VIDEO,17553,15902,445,386,3,43,13,
05-27-2022 15:53:08,https://scontent-lax3-2.cdninstagram.com/v/t51.29350-15/284213382_739624617451398_3082836220166925591_n.jpg?_nc_cat=103&ccb=1-7&_nc_sid=8ae9d6&_nc_ohc=avC76IK8uv4AX9h8um3&_nc_ht=scontent-lax3-2.cdninstagram.com&edm=AEQ6tj4EAAAA&oh=00_AT8TcFtd5fL4DVToVicA5JssmH41vKaCTCqq-lSwtUV_yg&oe=6301F45B,https://www.instagram.com/reel/CeETPdiDsYY/,"Just #EwanMcGregor casually flexing his Jedi skills ğŸ’ª
Who else is watching #ObiWanKenobi on @disneyplus?? 

@totalnerd_ 

#starwars #andor #thebookofbobafett #themandalorian #anakinskywalker #jedi #jedimaster #lightsaber #lucasfilm #nerd #disneyplus #hellothere",VIDEO,122983,118094,8437,6810,38,884,705,
05-26-2022 17:25:03,https://scontent-lax3-1.cdninstagram.com/v/t51.29350-15/283740533_741742280594227_216872027422125967_n.jpg?_nc_cat=105&ccb=1-7&_nc_sid=8ae9d6&_nc_ohc=qKmG8Dm_Hk8AX9TR_kD&_nc_ht=scontent-lax3-1.cdninstagram.com&edm=AEQ6tj4EAAAA&oh=00_AT_X9Im1LKwHvJVTm9W0FZ3aZ1KnvUnjs1uQXWWtT5vdtQ&oe=63006596,https://www.instagram.com/reel/CeB483sDbPl/,"Who are you excited to see in @strangerthingstv 4th season!?

@ranker 
@totalnerd_ 

#milliebobbybrown #strangerthings #strangerthings4 #netflix #demogorgon #strangerthingsedit #horror #elevenstrangerthings",VIDEO,32401,30638,440,358,8,45,29,
05-20-2022 21:39:25,https://scontent-lax3-2.cdninstagram.com/v/t51.29350-15/283227948_160996453085557_6035397654342059700_n.jpg?_nc_cat=107&ccb=1-7&_nc_sid=8ae9d6&_nc_ohc=_eTJRgZ5LIgAX-rF_mo&_nc_ht=scontent-lax3-2.cdninstagram.com&edm=AEQ6tj4EAAAA&oh=00_AT8yvp1T9f-Y19c-iQXuP_IB8mP1n0FSQxwLrhPPsEN0JA&oe=63016C9B,https://www.instagram.com/reel/Cdy5AXzD3CZ/,"After the snap, who took charge while Tâ€™Challa was gone?

ğŸ¤ @totalnerd_ 

#mcu #blackpanther #tchalla #chadwickboseman #wakandaforever #wakanda #marvel #mbaku #avengers #doctorstrange #scarletwitch #thor",VIDEO,46577,46210,3006,2333,33,301,339,
05-19-2022 18:12:34,https://scontent-lax3-2.cdninstagram.com/v/t51.29350-15/281593589_165406645938591_1991505254342530268_n.jpg?_nc_cat=103&ccb=1-7&_nc_sid=8ae9d6&_nc_ohc=8D1nfFFgorQAX8b2mgE&_nc_ht=scontent-lax3-2.cdninstagram.com&edm=AEQ6tj4EAAAA&oh=00_AT88vyDuQWLjDvxH6zZg_xCrOBPDFCOiu1wxQMzUrs8NdQ&oe=6301AD73,https://www.instagram.com/reel/Cdv832aJreg/,"The slap was perfect ğŸ¤£

@starwars 
@totalnerd_ 
@ranker 

#totalnerd #starwars #rogueone #harrisonford #hansolo #carriefisher #princessleia #markhamill #lukeskywalker",VIDEO,74938,70102,3474,2339,2,918,215,
05-18-2022 22:39:51,https://scontent-lax3-2.cdninstagram.com/v/t51.29350-15/281243236_530005391842466_8992198855566927389_n.jpg?_nc_cat=101&ccb=1-7&_nc_sid=8ae9d6&_nc_ohc=FGIe1j6pqNUAX9W5sqt&_nc_ht=scontent-lax3-2.cdninstagram.com&edm=AEQ6tj4EAAAA&oh=00_AT8RYt1XKTMxFHa1mA34SOGQhvm4TAjyXfRq7xmQiLtOgA&oe=630152FF,https://www.instagram.com/reel/Cdt2lg8jr3S/,"The memories behind ratchet & clank ğŸ¥¹ @jatactor 

@ranker 
@totalnerd_ 

#tmnt #ratchetandclank #greenarrow #jamesarnoldtaylor #voiceactor #obiwankenobi #finalfantasy #ranker #totalnerd",VIDEO,22725,20982,786,635,2,80,69,
05-13-2022 19:49:50,https://scontent-lax3-2.cdninstagram.com/v/t51.29350-15/280651061_745305166470130_8891640433590038577_n.jpg?_nc_cat=100&ccb=1-7&_nc_sid=8ae9d6&_nc_ohc=IzNxdL06gfkAX_8Mdv1&_nc_ht=scontent-lax3-2.cdninstagram.com&edm=AEQ6tj4EAAAA&oh=00_AT-p5UvhdgVsWSKEDiUVri4wkWtUT2WnIH8zIFPM0NVi8A&oe=6300F773,https://www.instagram.com/reel/CdgrFeVDfh6/,"That Duracell battery is easy to miss but a super cool Easter egg once you notice it! ğŸ•·ğŸ”‹

@marvel 
@totalnerd_ 
@ranker 

#marvel #mcu #spiderman #antman #mcuedit #mcueastereggs #tobeymaguire #paulrudd",VIDEO,93380,90444,3289,2691,10,459,129,
05-12-2022 22:55:37,https://scontent-lax3-1.cdninstagram.com/v/t51.29350-15/280449041_2235888983231534_3068931857438681331_n.jpg?_nc_cat=102&ccb=1-7&_nc_sid=8ae9d6&_nc_ohc=8K-eFGmY3nMAX8qo_sG&_nc_ht=scontent-lax3-1.cdninstagram.com&edm=AEQ6tj4EAAAA&oh=00_AT_TBaJeFrOwIKe2a6RjLOtd_21TVLeNAPWa7iE0C2NLNA&oe=63006A8D,https://www.instagram.com/reel/CdebKseD_kd/,"Hermioneâ€™s wand fits her so well. ğŸª„

ğŸ¤ @totalnerd_ 

#harrypotter #hermionegranger #ronweasley #emmawatson #rupertgrint #danielradcliffe #hogwarts #dracomalfoy #gryffindor #slytherin #ravenclaw #hufflepuff",VIDEO,47480,45931,1120,885,1,178,56,
05-06-2022 22:11:15,https://scontent-lax3-2.cdninstagram.com/v/t51.29350-15/279929798_162113776209467_5399077119039465857_n.jpg?_nc_cat=101&ccb=1-7&_nc_sid=8ae9d6&_nc_ohc=qEsnqrsF14kAX-gWzAq&_nc_ht=scontent-lax3-2.cdninstagram.com&edm=AEQ6tj4EAAAA&oh=00_AT-7_MfifreOzd3wwpoeLCqvzY_mWOA8nc5bZ75sUkF-2Q&oe=6300BF25,https://www.instagram.com/reel/CdO5xfmDX1y/,"Blown away with your voice acting catalog @markhamill ğŸ’¥

@totalnerd_ 
@ranker 

#starwars #starwarsfan #spiderman #joker #dccomics #markhamill #lukeskywalker #ranker",VIDEO,99655,98465,13557,9384,59,1484,2630,
05-05-2022 01:28:45,https://scontent-lax3-1.cdninstagram.com/v/t51.29350-15/279742001_1296259667564421_3448598429381490296_n.jpg?_nc_cat=104&ccb=1-7&_nc_sid=8ae9d6&_nc_ohc=5Nen0uk8gz0AX8f7Pfl&_nc_oc=AQlXNln8Qe-blTMcpRCRiAu4kUkpapH3bDka0OFAUq0YlVRSyUfSIL2m67U7CVGohVt6kS3uhBlAK5GuYf6HQ8al&_nc_ht=scontent-lax3-1.cdninstagram.com&edm=AEQ6tj4EAAAA&oh=00_AT-OFVyDeFQv1wavZrh1g0VixvLUe90-KObQxinTf7leLQ&oe=6301E61E,https://www.instagram.com/reel/CdKGx2UFz5G/,"To celebrate #maytheforth hereâ€™s some of our favorite Harrison Ford interview moments ğŸ”¥

@totalnerd_ 
@starwars 

#harrisonford #starwars #hansolo #lukeskywalker #solo #maytheforcebewithyou #princessleia #interview #ranker #totalnerd",VIDEO,751256,753644,98513,73961,172,11247,13133,
05-04-2022 18:01:59,https://scontent-lax3-1.cdninstagram.com/v/t51.29350-15/279715118_706889710448216_3432191276899980955_n.jpg?_nc_cat=110&ccb=1-7&_nc_sid=8ae9d6&_nc_ohc=YQVTlxrsYi8AX-rjjyN&_nc_ht=scontent-lax3-1.cdninstagram.com&edm=AEQ6tj4EAAAA&oh=00_AT-xxx82cU_XmThrimhuJKwx3E5O1lk-Yx0q1fHc8SKT8g&oe=6301F537,https://www.instagram.com/reel/CdJTVgEDcHx/,"Benedict REALLY had it out for that teddy bearâ€¦
Who else is hyped for #MultiverseOfMadness â‰ï¸

@totalnerd_ 
@marvel 

#doctorstrange #stephenstrange #multiverse #mcu #marvel #marveledit #scarletwitch #wandamaximoff #wong #nowayhome #moonknight #benedictcumberbatch",VIDEO,97950,93478,3984,2918,2,855,209,
05-03-2022 23:38:10,https://scontent-lax3-2.cdninstagram.com/v/t51.29350-15/279662121_1135541387011498_2578787429327325281_n.jpg?_nc_cat=111&ccb=1-7&_nc_sid=8ae9d6&_nc_ohc=JoVCsPO8LSQAX_8JVjm&_nc_ht=scontent-lax3-2.cdninstagram.com&edm=AEQ6tj4EAAAA&oh=00_AT-shhDj7p3F15uiryLZLgpsLVEdJ_s6aEmozp8S7rk7xw&oe=6301F905,https://www.instagram.com/reel/CdHU5CSD1xf/,"Who are you excited to see in the @doctorstrangeofficial movie?ğŸ’¥

@ranker 
@totalnerd_ 

#doctorstrange #mcu #marvel #spiderman #multiverseofmadness #xmen #tobeymaguire",VIDEO,453273,428851,11910,9125,416,1724,645,Jokes on you! #FantasticKrasinski
05-03-2022 02:52:55,https://scontent-lax3-2.cdninstagram.com/v/t51.29350-15/279825255_327756549389839_1997464941234482868_n.jpg?_nc_cat=106&ccb=1-7&_nc_sid=8ae9d6&_nc_ohc=nNqCSUoHCvEAX880Am-&_nc_ht=scontent-lax3-2.cdninstagram.com&edm=AEQ6tj4EAAAA&oh=00_AT8XSbHX304YwDIahL4XrUYq9gH7HuJ39kwXriZ39cmC6g&oe=63003B53,https://www.instagram.com/reel/CdFGojND81R/,"Who already knew this? âœ‹
Happy International Harry Potter Day! âš¡ï¸

@totalnerd_ 
@ranker 

#internationalharrypotterday #potterhead #nerd #battleofhogwarts #hewhomustnotbenamed #didyouknow #secretsofdumbledore #harrypotterreunion #reelsinstagram",VIDEO,24988,26986,590,419,4,39,128,
05-02-2022 22:40:24,https://scontent-lax3-2.cdninstagram.com/v/t51.29350-15/279513580_453244249825084_7325537518554287044_n.jpg?_nc_cat=111&ccb=1-7&_nc_sid=8ae9d6&_nc_ohc=KjgzVCqqeu8AX9Pxprb&_nc_ht=scontent-lax3-2.cdninstagram.com&edm=AEQ6tj4EAAAA&oh=00_AT-2sP_TTzDtdCHr3-exDgaixQxzKx5M4uTfwFLteARWzg&oe=63004C07,https://www.instagram.com/reel/CdEpGwYD5kh/,"This actually makes so much sense for Ron. Also, Itâ€™s International Harry Potter Day! ğŸ‰ğŸª„

ğŸ¤ @totalnerd_ 

#harrypotter #ronweasley #hermionegranger #dracomalfoy #danielradcliffe #rupertgrint #emmawatson #hogwarts",VIDEO,143624,153843,7974,6906,14,747,307,
04-29-2022 19:45:54,https://scontent-lax3-2.cdninstagram.com/v/t51.29350-15/279305769_361660649315945_6840493443564158711_n.jpg?_nc_cat=111&ccb=1-7&_nc_sid=8ae9d6&_nc_ohc=Miv_Rtmx4KEAX-nqoLx&_nc_ht=scontent-lax3-2.cdninstagram.com&edm=AEQ6tj4EAAAA&oh=00_AT_x7a1_O_YTjOp83Hjol_gKu1Co08aDV5qpGdyRNIfKSQ&oe=630061C4,https://www.instagram.com/reel/Cc8nHLCje--/,"Does this mean Mutants in the MCU? ğŸ¤¯

ğŸ¤ @totalnerd_ 
ğŸ“º @doctorstrangeofficial 
ğŸ“º @yahooentertainment 

#mcu #marvel #doctorstrangeinthemultiverseofmadness #doctorstrange #patrickstewart #xmen #startrek #wandamaximoff #scarletwitch #avengers #thor #moonknight",VIDEO,127596,126034,8611,6571,38,900,1102,
04-28-2022 17:34:32,https://scontent-lax3-1.cdninstagram.com/v/t51.29350-15/279266571_937295636967882_6679213922105978646_n.jpg?_nc_cat=105&ccb=1-7&_nc_sid=8ae9d6&_nc_ohc=vfjP1Ii8qU8AX_Rtuho&_nc_ht=scontent-lax3-1.cdninstagram.com&edm=AEQ6tj4EAAAA&oh=00_AT-CuBq18GvahL3huuZ-DJsGgr5FyXXLf7bOQjV3Y1hehA&oe=63006655,https://www.instagram.com/reel/Cc5zmSwpPQN/,"That RDJ line is iconic. 

@totalnerd_ 
@ranker 

#mcu #marvel #thorragnarok #thor #ironman #doctorstrange #improv",VIDEO,123605,120485,8890,6021,40,2051,778,
04-27-2022 21:10:12,https://scontent-lax3-1.cdninstagram.com/v/t51.29350-15/279254983_691348472072552_6744831787885087564_n.jpg?_nc_cat=108&ccb=1-7&_nc_sid=8ae9d6&_nc_ohc=seRt_XS9HWAAX9Zkh0j&_nc_oc=AQk7XxCnQBrmgr4sdVO8DjCuKXEOPZ23VeJfaXIKNO0rK0DqVCDz2L2jXdhbWTxR28WuWh8xAEFpdQCo3bu9_2dp&_nc_ht=scontent-lax3-1.cdninstagram.com&edm=AEQ6tj4EAAAA&oh=00_AT-uw-6t2ZF6Unx6olnEBlpV1zNeIoipc7JfTf1NAy_-QQ&oe=63001214,https://www.instagram.com/reel/Cc3ntM6j7Oe/,"@greydelisle thank you for contributing to our childhood! âš¡ï¸

@totalnerd_ 
@ranker 

#cartoon #scoobydoo #nostalgia #nickelodeon #90s #totalnerd #ranker #greydelisle",VIDEO,47695,47015,2340,1888,25,266,161,
04-26-2022 22:17:28,https://scontent-lax3-2.cdninstagram.com/v/t51.29350-15/279114143_374325341112460_2678170070531094146_n.jpg?_nc_cat=111&ccb=1-7&_nc_sid=8ae9d6&_nc_ohc=EEJ9BNQI6eYAX-ebX9b&_nc_ht=scontent-lax3-2.cdninstagram.com&edm=AEQ6tj4EAAAA&oh=00_AT-T-xTqlwCWinUnoqY_V5OniLxI-luXfY_jpJXLBql-RA&oe=6300BFAE,https://www.instagram.com/reel/Cc1Jq2tjZVR/,"Interviewer (2015): â€œWhat would you like to see Scarlet Witch do next?â€ ğŸ¤¯ Never say never in the MCU.

ğŸ¤ @totalnerd_ 
ğŸ“º @doctorstrangeofficial 

#mcu #marvel #wandamaximoff #doctorstrange #elizabetholsen #scarletwitch #avengers #thor #moonknight",VIDEO,231988,222610,18055,12340,66,2917,2732,"It doesn't seem fair?  Are you dumb? You've been manipulating minds and fear, not making balloon animals you dumd c***... She's right behind me isn't sheÃ·""&.---#"
04-22-2022 17:59:48,https://scontent-lax3-2.cdninstagram.com/v/t51.29350-15/278874267_572964303890882_743720874087624691_n.jpg?_nc_cat=101&ccb=1-7&_nc_sid=8ae9d6&_nc_ohc=Q4VMswl9mpsAX-572ij&_nc_ht=scontent-lax3-2.cdninstagram.com&edm=AEQ6tj4EAAAA&oh=00_AT_JM4erN9bMbU40yF1LALdnCRECdLRJgRUxvx3FdmTIDQ&oe=6300C80B,https://www.instagram.com/reel/CcqZyaAp-5u/,"@tarastrong thanks for making our childhood! ğŸ™ğŸ¼ 

@ranker 
@totalnerd_ 

#cartoon #harleyquinn #batman #tarastrong #reels #nickelodeon #90s #nostalgia",VIDEO,62146,60656,4234,3385,33,401,415,
04-21-2022 17:39:53,https://scontent-lax3-2.cdninstagram.com/v/t51.29350-15/278877478_360223522713342_4005566910001409117_n.jpg?_nc_cat=107&ccb=1-7&_nc_sid=8ae9d6&_nc_ohc=m3YJ2v5xOEcAX8V-UD4&_nc_ht=scontent-lax3-2.cdninstagram.com&edm=AEQ6tj4EAAAA&oh=00_AT9_sc5vUA-12GMPvAQ4J-vVKi_aChxjgovtIXHC3vPbSA&oe=6300A9E4,https://www.instagram.com/reel/CcnydYAJBu5/,"Has the riddler ever stumped you?ğŸ¤”

@totalnerd_ 
@ranker 

#thebatman #theriddler #theriddleredit #bestriddles #gotham",VIDEO,128590,125789,6993,5174,20,1503,296,
04-19-2022 21:51:27,https://scontent-lax3-2.cdninstagram.com/v/t51.29350-15/278856894_521152143044502_7697419401217690106_n.jpg?_nc_cat=107&ccb=1-7&_nc_sid=8ae9d6&_nc_ohc=f0ljRnaWOT4AX-ZdSC7&_nc_ht=scontent-lax3-2.cdninstagram.com&edm=AEQ6tj4EAAAA&oh=00_AT_Jro82ZM_HQajbXMlhPoBWyyQsMNH9PO7zLjLWcXmsQw&oe=630038E1,https://www.instagram.com/reel/CcjFdfSj8k0/,"Is America Chavez going to be the MCUâ€™s next big powerhouse?

ğŸ¤ @totalnerd_ 
ğŸ“º @doctorstrangeofficial 

#marvel #mcu #doctorstrange #americachavez #wandamaximoff #avengers #moonknight #thor",VIDEO,279853,257920,8619,6116,148,1565,790,
04-18-2022 18:22:48,https://scontent-lax3-1.cdninstagram.com/v/t51.29350-15/278662042_389537439493569_166029056741519833_n.jpg?_nc_cat=104&ccb=1-7&_nc_sid=8ae9d6&_nc_ohc=yu-HofLl1OcAX8heeil&_nc_oc=AQl7ilJM6dQqZS1p8WjVbeUZuQlElUfzeptT4cL1HwG75PW5cyW8-RaOjb9vowfNYW4coNfyC3nRNuhquwp2kZyf&_nc_ht=scontent-lax3-1.cdninstagram.com&edm=AEQ6tj4EAAAA&oh=00_AT_ce1k5ADr0jdttyPCRRgXGYZCEpgp1ceWwVArZ1Dr7nQ&oe=6301EE7E,https://www.instagram.com/reel/CcgJPGqDJgM/,"â€œIâ€™m a lemming for Tobey.â€ ğŸ¤£

ğŸ•· @totalnerd_ 

#spiderman #nowayhome #bullymaguire #andrewgarfieldedit #tomhollandedit #tobeymaguireedit #marvelstudios #mcumemes #nerdlife",VIDEO,58677,55707,5497,4272,10,937,278,
04-15-2022 18:04:08,https://scontent-lax3-2.cdninstagram.com/v/t51.29350-15/278626634_1151660705583875_8288557929696085942_n.jpg?_nc_cat=107&ccb=1-7&_nc_sid=8ae9d6&_nc_ohc=N7raNU_UTLQAX_m6BSv&_nc_ht=scontent-lax3-2.cdninstagram.com&edm=AEQ6tj4EAAAA&oh=00_AT-xgF82FkoOXOm4j19UNNq3ikYTZXVHkZD6RXrgSjjszg&oe=6300E0E8,https://www.instagram.com/reel/CcYY4JNpeWB/,"Hermione was always ready with a comeback. Happy birthday, @emmawatson!

@totalnerd_ 
@ranker 

#emmawatson #hermionegranger #harrypotter #hogwarts #happybirthday #totalnerd #ranking",VIDEO,47975,42231,1713,1392,1,235,85,
04-12-2022 20:09:17,https://scontent-lax3-1.cdninstagram.com/v/t51.29350-15/278243074_989593275024230_8109074242572208781_n.jpg?_nc_cat=109&ccb=1-7&_nc_sid=8ae9d6&_nc_ohc=22E7cz1PN74AX8HxLcX&_nc_ht=scontent-lax3-1.cdninstagram.com&edm=AEQ6tj4EAAAA&oh=00_AT8UfBynPTzXsMH48ROePAXtr2NpBj3TRT7daRKW3ze0lg&oe=630042B3,https://www.instagram.com/reel/CcQ40iKD4Kv/,"Moon Knight = Spider-Man? ğŸ§ğŸ•·

@totalnerd_ 
@marvel 

#intothespiderverse #mcuedits #oscarisaac #chrispine #mahershalaali #kimikoglenn #nerd #marvel #spidermancomics #moonknight #multiverse",VIDEO,112440,101864,4466,3735,15,561,155,
04-11-2022 21:11:16,https://scontent-lax3-2.cdninstagram.com/v/t51.29350-15/278174076_408078134069641_1310084403699867781_n.jpg?_nc_cat=101&ccb=1-7&_nc_sid=8ae9d6&_nc_ohc=k4XZGWAsmVUAX_254b_&_nc_ht=scontent-lax3-2.cdninstagram.com&edm=AEQ6tj4EAAAA&oh=00_AT9_bTKRlzi2RmPBzDh_d5jrPqGikNDizXrPybceepPcGw&oe=63015EFD,https://www.instagram.com/reel/CcObB0mDl5p/,"@officiallymcconaughey you really made that scene iconic! ğŸ‘ŒğŸ¼ 

@totalnerd_ 
@ranker
@watchworthyapp 
@jonahhill 
@leonardodicaprio 
@channingtatum 

#ranker #wolfofwallstreet #21jumpstreet #leonardodicaprio #matthewmcconaughey #channingtatum #hollywood #moviedetails #watchworthy",VIDEO,35257,35249,1380,1172,3,161,44,
03-22-2022 18:00:03,https://scontent-lax3-1.cdninstagram.com/v/t51.29350-15/277080601_147592717752084_4867588143856523480_n.jpg?_nc_cat=104&ccb=1-7&_nc_sid=8ae9d6&_nc_ohc=vWvLOO33bDYAX8isI1v&_nc_ht=scontent-lax3-1.cdninstagram.com&edm=AEQ6tj4EAAAA&oh=00_AT85L98dGuw9776GOsu9BhwfkQVda4pCFDvJfdb5ne0jjw&oe=63003F1B,https://www.instagram.com/reel/CbalUWyJ9rQ/,"Heâ€™s not bad when he actually shows up to work. 

@totalnerd_ 
@ranker

#mcu #marvel #daredevil #mattmurdock #disneyplus #charliecox #tvseries #totalnerd",VIDEO,335054,333402,61100,50208,133,8526,2233,
03-18-2022 22:14:16,https://scontent-lax3-2.cdninstagram.com/v/t51.29350-15/275935072_261117552900783_3364432664742865326_n.jpg?_nc_cat=107&ccb=1-7&_nc_sid=8ae9d6&_nc_ohc=mQlhfesdmk8AX8D9moE&_nc_ht=scontent-lax3-2.cdninstagram.com&edm=AEQ6tj4EAAAA&oh=00_AT9f2B9jk1mmBtyVrfLaIbh2tJCfV7zb9HjYgg1cxQI_Mw&oe=63000E8C,https://www.instagram.com/reel/CbQvPvXjsd0/,"The baby getting tossed had us shookğŸ˜… 

@totalnerd_ 

#timburton #movies #moviescenes #entertainment #reels #funfacts #ranker #watchworthy",VIDEO,636097,648529,44988,38997,34,4391,1566,
03-16-2022 18:00:12,https://scontent-lax3-2.cdninstagram.com/v/t51.29350-15/275740873_1001296060814748_1155375690303878639_n.jpg?_nc_cat=100&ccb=1-7&_nc_sid=8ae9d6&_nc_ohc=fKXyVAvKjRcAX9AXEoQ&_nc_ht=scontent-lax3-2.cdninstagram.com&edm=AEQ6tj4EAAAA&oh=00_AT8pgtTlWEjsvijggVh04Qixis37EeJNKr2AETHcZD5LKA&oe=6301046F,https://www.instagram.com/reel/CbLIYDRpMXI/,"Can you believe some of the most memorable MCU scenes werenâ€™t originally part of the scripts?

@totalnerd_ 
@ranker

#mcu #marvel #spiderman #thor #loki #infinitywar #avengers #improvised #totalnerd",VIDEO,123450,123907,12177,8264,14,2832,1067,
03-09-2022 20:03:42,https://scontent-lax3-2.cdninstagram.com/v/t51.2885-15/275427242_533222338113091_1653260629079174304_n.jpg?_nc_cat=107&ccb=1-7&_nc_sid=8ae9d6&_nc_ohc=sR8vh8xoxnYAX__s2c0&_nc_ht=scontent-lax3-2.cdninstagram.com&edm=AEQ6tj4EAAAA&oh=00_AT9caY7rrTrR5xZWqISVFIepkmxiyr-pWxJfjOoFCD02fg&oe=63012730,https://www.instagram.com/p/Ca5U32qOGqA/,"Like father, like kidsâ 
.â 
ğŸğŸ ğ’ğ¦ğšğ¥ğ¥ ğğ®ğ­ ğŒğğšğ§ğ¢ğ§ğ ğŸğ®ğ¥ ğƒğğ­ğšğ¢ğ¥ğ¬ ğ…ğ«ğ¨ğ¦ 'ğ“ğ¡ğ¨ğ«: ğ‘ğšğ ğ§ğšğ«ğ¨ğ¤' - Link in Bioâ 
.â 
.â 
Follow @totalnerd_ for more posts about movies, TV, and all things nerdy!â ",VIDEO,179918,118355,16588,14399,77,2112,n/a,
03-07-2022 17:04:00,https://scontent-lax3-1.cdninstagram.com/v/t51.2885-15/275369735_534200081317142_8072305699304668735_n.jpg?_nc_cat=109&ccb=1-7&_nc_sid=8ae9d6&_nc_ohc=lxpYb07wAd0AX9pVydy&_nc_ht=scontent-lax3-1.cdninstagram.com&edm=AEQ6tj4EAAAA&oh=00_AT9b6FpzUewo74ByfcnfHukR771sUaujeWzUbwEEQLPs_A&oe=6301499A,https://www.instagram.com/p/Caz2tQLNWQl/,"That's gotta hurtâ 
.â 
ğ“ğ¡ğ ğŒğ¨ğ¬ğ­ ğğ¯ğğ«-ğ“ğ¡ğ-ğ“ğ¨ğ© ğ€ğœğ­ğ¢ğ¨ğ§-ğ€ğğ¯ğğ§ğ­ğ®ğ«ğ ğŒğ¨ğ¯ğ¢ğ ğƒğğšğ­ğ¡ğ¬ - Link in Bioâ 
.â 
.â 
Follow @totalnerd_ for more posts about movies, TV, and all things nerdy!â ",VIDEO,104796,72885,6136,4962,87,1087,n/a,
02-02-2022 21:38:27,https://scontent-lax3-2.cdninstagram.com/v/t51.29350-15/258965233_349092750197088_272709440510740731_n.jpg?_nc_cat=101&ccb=1-7&_nc_sid=8ae9d6&_nc_ohc=myOsmHDJ-dUAX_T3ILr&_nc_ht=scontent-lax3-2.cdninstagram.com&edm=AEQ6tj4EAAAA&oh=00_AT8KRhfkcKBw9BAvVHqs0zY-lqsm4lMx-VYW_V1Npd2xzQ&oe=6300EDE2,https://www.instagram.com/reel/CZfXeL5pfcL/,Calling all gamers! Check out Nerdstalgic Gaming on YouTube! Link in Bio,VIDEO,11084,10510,58,56,0,2,0,
12-30-2021 17:03:37,https://scontent-lax3-1.cdninstagram.com/v/t51.2885-15/270858076_329294119040685_2345804458718479254_n.jpg?_nc_cat=110&ccb=1-7&_nc_sid=8ae9d6&_nc_ohc=55t4uqOINWAAX-mb8Sh&_nc_ht=scontent-lax3-1.cdninstagram.com&edm=AEQ6tj4EAAAA&oh=00_AT-b6MQwF9NSkv1LSYEz4mIlzmiYet3G-c0mbo_6lGF8zA&oe=630092CE,https://www.instagram.com/p/CYHVZsvN7tS/,"ğ’ğ¦ğšğ¥ğ¥ ğğ®ğ­ ğğ¨ğ°ğğ«ğŸğ®ğ¥ ğ†ğ¨ğğ³ğ¢ğ¥ğ¥ğš ğŒğ¨ğ¯ğ¢ğ ğƒğğ­ğšğ¢ğ¥ğ¬ ğ“ğ¡ğšğ­ ğ…ğšğ§ğ¬ ğğ¨ğ­ğ¢ğœğğ - Link in Bioâ 
.â 
.â 
Follow @totalnerd_ for more posts about movies, TV, and all things nerdy!â ",VIDEO,140702,95716,9530,8012,43,1475,n/a,
12-26-2021 17:03:38,https://scontent-lax3-1.cdninstagram.com/v/t51.2885-15/269994881_124335020071859_6348423671984358793_n.jpg?_nc_cat=108&ccb=1-7&_nc_sid=8ae9d6&_nc_ohc=Ek9V0TYwBRsAX_1QT36&_nc_ht=scontent-lax3-1.cdninstagram.com&edm=AEQ6tj4EAAAA&oh=00_AT9HO9DQljknnuIym-VXVSP9vLUbuhU8bIkW4sZlmfjK9Q&oe=6301BFE3,https://www.instagram.com/p/CX9COZVLhoc/,"ğ’ğ¦ğšğ¥ğ¥ ğ‚ğ¨ğ§ğ­ğ¢ğ§ğ®ğ¢ğ­ğ² ğƒğğ­ğšğ¢ğ¥ğ¬ ğ…ğ«ğ¨ğ¦ ğğ¢ğ±ğšğ« ğŒğ¨ğ¯ğ¢ğğ¬ ğ“ğ¡ğšğ­ ğ…ğšğ§ğ¬ ğğ¨ğ­ğ¢ğœğğ - Link in Bioâ 
.â 
.â 
Follow @totalnerd_ for more posts about movies, TV, and all things nerdy!â ",VIDEO,226768,169100,13812,10795,48,2969,n/a,#disney #disneyplus #pixar #pixaranimation #pixarmovies #pixarmemes #pixarstudios #pixaranimationstudios #pixarmovie #pixardisney #disneyfan #disneyaddict #disneypixar #disneykid #disneygeek #disneygeeks #disneynerd #disneynerds #theincredibles #pixarincredibles #pixartheincredibles #mrincredible #incrediboy #continuitydetails #moviedetails #smalldetails #superherofilm #superherofilms #superheromovie #superheromovies
12-24-2021 20:03:48,https://scontent-lax3-2.cdninstagram.com/v/t51.2885-15/269828975_393469175886013_1515221464325964662_n.jpg?_nc_cat=107&ccb=1-7&_nc_sid=8ae9d6&_nc_ohc=2euTEOVC8jcAX9KD00q&_nc_ht=scontent-lax3-2.cdninstagram.com&edm=AEQ6tj4EAAAA&oh=00_AT--qu_Jq7zXtYQQnE_QPwLPLaP1k6tJ6zw2X_EPEBPQvw&oe=63010F5B,https://www.instagram.com/p/CX4NQqKsWkS/,"ğ’ğ¦ğšğ¥ğ¥ ğğ®ğ­ ğ‚ğ¥ğğ¯ğğ« ğƒğğ­ğšğ¢ğ¥ğ¬ ğ…ğ«ğ¨ğ¦ ğ€ğœğ­ğ¢ğ¨ğ§ ğŒğ¨ğ¯ğ¢ğğ¬ ğ“ğ¡ğšğ­ ğ…ğšğ§ğ¬ ğğ¨ğ­ğ¢ğœğğ - Link in Bioâ 
.â 
.â 
Follow @totalnerd_ for more posts about movies, TV, and all things nerdy!â ",VIDEO,186567,116543,13423,11852,45,1526,n/a,Btw #diehardisachristmasmovie
12-18-2021 17:04:05,https://scontent-lax3-2.cdninstagram.com/v/t51.2885-15/268840098_428255172367760_1834938103734815776_n.jpg?_nc_cat=103&ccb=1-7&_nc_sid=8ae9d6&_nc_ohc=Wqov8PusK6MAX_nqjlz&_nc_oc=AQk3CMCUfNEQ76ROVHNMoS8oHLlbqbrKeahxjbvo3nkpSiF_VjqV0Ujs6LMPUK7ybA4lz_F1tQM7-CVwJ-1p_fbx&_nc_ht=scontent-lax3-2.cdninstagram.com&edm=AEQ6tj4EAAAA&oh=00_AT8f514FtAlX9FJgXwvo8zXltvKSdDs8v9sACjilvKhpUg&oe=6301E78E,https://www.instagram.com/p/CXob6vRNrY3/,"ğŸğŸ’ ğ‘ğğšğ¥ ğ…ğ¢ğ ğ¡ğ­ğ¢ğ§ğ  ğ’ğ­ğ²ğ¥ğğ¬ ğ˜ğ¨ğ® ğƒğ¢ğğ§'ğ­ ğ‘ğğšğ¥ğ¢ğ³ğ ğ–ğğ«ğ ğˆğ§ ğ‹ğ¨ğ­ğ¬ ğğŸ ğŒğ¨ğ¯ğ¢ğğ¬ - Link in Bioâ 
.â 
.â 
Follow @totalnerd_ for more posts about movies, TV, and all things nerdy!â ",VIDEO,172070,115082,10741,9391,57,1293,n/a,
10-11-2021 17:14:54,https://scontent-lax3-1.cdninstagram.com/v/t51.29350-15/245021138_3017071941894838_9107531417821725450_n.jpg?_nc_cat=105&ccb=1-7&_nc_sid=8ae9d6&_nc_ohc=jgVTzLZ_7xYAX8isAq4&_nc_ht=scontent-lax3-1.cdninstagram.com&edm=AEQ6tj4EAAAA&oh=00_AT8mYvEunmD5SbjYqPiRdk99nkokbnFXjBaEXvF3pJKXRg&oe=6300D285,https://www.instagram.com/reel/CU5XawUp7Ka/,"He had me in the first half there, not gonna lie
.
Follow @totalnerd_ and @totalnerdcomics for more nerdy memes and posts! 
.
.
@watchworthy @ranker #mcuposts #mcumemes #mcureels #blackpantherposts #blackpanther #blackpanthermemes #blackpantherreels #marvelposts #marvelmemes #marvelreels #mcuquotes #funnymcumoments #funnymcuquotes #funnymcu",VIDEO,88336,84626,6251,5348,7,586,310,
10-07-2021 17:44:04,https://scontent-lax3-2.cdninstagram.com/v/t51.29350-15/244474750_1494251427615071_4663948757970492475_n.jpg?_nc_cat=101&ccb=1-7&_nc_sid=8ae9d6&_nc_ohc=svJNfOHDBq4AX8CKJ8t&_nc_ht=scontent-lax3-2.cdninstagram.com&edm=AEQ6tj4EAAAA&oh=00_AT_3pgJggDU-Q10DkGdpss9HsD9aqgBQ_S0m-E6mOQkmdQ&oe=630096A3,https://www.instagram.com/reel/CUvHiK-DDcW/,"That's some true evil right there
-
@totalnerd_ @totalnerdcomics @watchworthy @ranker
-
#disney #disneyvillains #littlemermaid #disneymemes #lionkingmemes #lionking #littlemermaidmemes #villainmemes",VIDEO,79062,79357,1297,1095,6,162,34,
08-28-2021 02:49:01,https://scontent-lax3-1.cdninstagram.com/v/t51.29350-15/240722753_562219105089904_3316090125710959104_n.jpg?_nc_cat=105&ccb=1-7&_nc_sid=8ae9d6&_nc_ohc=oTBEW19uRNoAX_Hx9gg&_nc_ht=scontent-lax3-1.cdninstagram.com&edm=AEQ6tj4EAAAA&oh=00_AT-ihh_pLxn-LuAdjJSfnmWXh0nw7JLXndKvvvguz21IMw&oe=6301470A,https://www.instagram.com/reel/CTGhUcgnqz9/,"I don't like that word ğŸ˜¬
-
@totalnerd_ @totalnerdcomics @watchworthy @ranker
-
#marvelmemes #mcumemes #mcu #mcuquotes #underratedmcuquotes #marvelquotes",VIDEO,288241,275932,16273,11790,37,3680,766,
08-25-2021 21:45:24,https://scontent-lax3-1.cdninstagram.com/v/t51.29350-15/240496134_383628016486353_6648293862377107544_n.jpg?_nc_cat=104&ccb=1-7&_nc_sid=8ae9d6&_nc_ohc=HBhN_e2kIVIAX9-JJUE&_nc_ht=scontent-lax3-1.cdninstagram.com&edm=AEQ6tj4EAAAA&oh=00_AT81Gun7dNszSFYhGZffekcR_alqEu978oeEI1S-36rRhA&oe=6300CADF,https://www.instagram.com/reel/CTA1ANrDeBm/,"Name a more famous clarinet player
-
@totalnerd_ @totalnerdcomics @watchworthy @ranker
-
#spongebobsquarepants #spongebobmemes #bikinibottomtwitter #squidward #patrickmemes #squidwardmemes #spongebob",VIDEO,87825,85989,4135,3306,21,451,357,
08-04-2021 18:17:29,https://scontent-lax3-2.cdninstagram.com/v/t51.29350-15/230347437_1234142890434761_6707639865525292027_n.jpg?_nc_cat=100&ccb=1-7&_nc_sid=8ae9d6&_nc_ohc=TRjA6aIxyKsAX8xI7Pb&_nc_ht=scontent-lax3-2.cdninstagram.com&edm=AEQ6tj4EAAAA&oh=00_AT_FDmP6bV9zlhiHL06ygAymf83ZcexGEy7vkt5XRt_YOA&oe=63016137,https://www.instagram.com/reel/CSKYb_cJbnO/,"I'll take those odds
-
@totalnerd_ @totalnerdcomics @watchworthy @ranker
-
#avengers #marvelmemes #avengersmemes #mcumemes #marvel #doctorstrange #doctorstrangememes #thanosmemes",VIDEO,179499,169310,6587,5697,44,572,274,
08-02-2021 19:35:29,https://scontent-lax3-1.cdninstagram.com/v/t51.29350-15/229164026_314801753753351_6137285178829637142_n.jpg?_nc_cat=110&ccb=1-7&_nc_sid=8ae9d6&_nc_ohc=JwNLaO611C0AX-407n3&_nc_ht=scontent-lax3-1.cdninstagram.com&edm=AEQ6tj4EAAAA&oh=00_AT9gMJoVlmfqj3ujptBtbTT8lM6expqif5f6o47BJl7sSA&oe=6301970F,https://www.instagram.com/reel/CSFX1SBpn2m/,"Lines that hit harder than Avada Kedavra ğŸª„
-
@totalnerd_ @totalnerdcomics 
-
#harrypotter #harrypotterlines #harrypottermemes #pottermore #ronquotes #harrypotterquotes
#pottermore #hogwartsmemes #hogwartsquotes",VIDEO,39891,38298,858,628,6,165,59,
03-16-2021 22:13:11,https://scontent-lax3-2.cdninstagram.com/v/t51.29350-15/160376687_948409999232214_186802800314497651_n.jpg?_nc_cat=101&ccb=1-7&_nc_sid=8ae9d6&_nc_ohc=JBljZtuzYgYAX_OBgyw&_nc_ht=scontent-lax3-2.cdninstagram.com&edm=AEQ6tj4EAAAA&oh=00_AT_aY6yl-ApcnSDLFGBtczdFAWg6JebeUI3cbzfxjmpjiQ&oe=6301CCCD,https://www.instagram.com/tv/CMfvZKvF5YH/,Will the new season of 'The Masked Singer' live up to the hype?,VIDEO,10461,n/a,n/a,41,1,3,n/a,
03-11-2021 20:41:18,https://scontent-lax3-2.cdninstagram.com/v/t51.29350-15/159663643_785529405729777_7343414288713268885_n.jpg?_nc_cat=111&ccb=1-7&_nc_sid=8ae9d6&_nc_ohc=v0LX-6PacXQAX_wsnGs&_nc_ht=scontent-lax3-2.cdninstagram.com&edm=AEQ6tj4EAAAA&oh=00_AT_PKCAomydf8NlERSNtCSZCPdl8_-px-muDJBRklWXBdA&oe=63005A66,https://www.instagram.com/tv/CMSs6kBDCpl/,Will the new season of 'Good Girls' live up to the hype? #netflix #goodgirls,VIDEO,12980,n/a,n/a,50,0,5,n/a,
03-06-2021 01:27:16,https://scontent-lax3-1.cdninstagram.com/v/t51.29350-15/157446379_1200562240358234_466892617123881927_n.jpg?_nc_cat=109&ccb=1-7&_nc_sid=8ae9d6&_nc_ohc=nEWaPIMtpoEAX84gaOH&_nc_ht=scontent-lax3-1.cdninstagram.com&edm=AEQ6tj4EAAAA&oh=00_AT_q-h-ObmvnNu0jpwZ53h2sAjpoAiHYLXiKrrBynTtw0g&oe=63010709,https://www.instagram.com/tv/CMDwoKmDK1Q/,Will the next season of 'The Flash' live up to the hype?,VIDEO,18799,n/a,n/a,99,0,14,n/a,
02-19-2021 21:22:34,https://scontent-lax3-2.cdninstagram.com/v/t51.29350-15/151330789_264200555116392_8674197261602832008_n.jpg?_nc_cat=100&ccb=1-7&_nc_sid=8ae9d6&_nc_ohc=k8FeE-OTQFkAX8DzUX9&_nc_ht=scontent-lax3-2.cdninstagram.com&edm=AEQ6tj4EAAAA&oh=00_AT9P4Rux2OHmzWc9v3esL9EJRSdqLKyuEajKwzM8W6nfdA&oe=63002AB4,https://www.instagram.com/tv/CLfRwJIDgAu/,Will the new season of 'The Real Housewives of New Jersey' live up to the hype?,VIDEO,10924,n/a,n/a,35,0,2,n/a,
02-17-2021 19:22:09,https://scontent-lax3-1.cdninstagram.com/v/t51.29350-15/151724093_128490015752452_3118338392460748130_n.jpg?_nc_cat=108&ccb=1-7&_nc_sid=8ae9d6&_nc_ohc=Yd9LCDsXjsUAX9qvR7-&_nc_ht=scontent-lax3-1.cdninstagram.com&edm=AEQ6tj4EAAAA&oh=00_AT_f6_A_pYphqs4VHLBTbVulmcwdxHyZMRnQ5NnqUQSR6Q&oe=63002705,https://www.instagram.com/tv/CLZ53HLDwVB/,Will the new season of 'Last Week Tonight with John Oliver' live up to the hype?,VIDEO,16577,n/a,n/a,106,0,15,n/a,
12-09-2020 01:27:10,https://scontent-lax3-2.cdninstagram.com/v/t51.29350-15/130086891_217262849972465_4519018962789045757_n.jpg?_nc_cat=100&ccb=1-7&_nc_sid=8ae9d6&_nc_ohc=7Y6ZOBRIYF4AX8Pdpd2&_nc_ht=scontent-lax3-2.cdninstagram.com&edm=AEQ6tj4EAAAA&oh=00_AT8Ff9ALbuklut3FmhfYegT-ixoUXMikKZYPyzcRkJr_9A&oe=63016233,https://www.instagram.com/tv/CIjvto9AJoe/,Does the new season of 'Big Mouth' live up to the hype? #netflix #bigmouth #ranker #watchworthy,VIDEO,20348,n/a,n/a,200,3,31,n/a,
11-20-2020 18:01:04,https://scontent-lax3-2.cdninstagram.com/v/t51.29350-15/126093417_291368722151576_3901052159896269254_n.jpg?_nc_cat=106&ccb=1-7&_nc_sid=8ae9d6&_nc_ohc=Lq-2WIguPcAAX_pfrGO&_nc_ht=scontent-lax3-2.cdninstagram.com&edm=AEQ6tj4EAAAA&oh=00_AT--lWwL11YzGn-gWfZhnKoz2yhxm5E2mL_mt6NvsDipzQ&oe=6301C62B,https://www.instagram.com/reel/CH0mXI8lwhs/,"Here are some movies to watch if you love Tom Felton in Harry Potter. What do you think of our choices?

#totalnerd #movie #movies #harrypotter #harrypottermovies #harrypotterfilms",VIDEO,47343,45181,468,379,1,64,24,
11-12-2020 23:36:29,https://scontent-lax3-2.cdninstagram.com/v/t51.29350-15/124580481_191034732516436_1198093480055124903_n.jpg?_nc_cat=107&ccb=1-7&_nc_sid=8ae9d6&_nc_ohc=uxwhzQgtazIAX813WdK&_nc_ht=scontent-lax3-2.cdninstagram.com&edm=AEQ6tj4EAAAA&oh=00_AT93RvtKmMW0gwkHaspTZxMnSY419ywReHVK02LtbLFRAA&oe=63004E6E,https://www.instagram.com/tv/CHgmXjLjy-E/,Do you think the fourth season will live up to the hype? #hbo #watchworthy #youngsheldon #ranker,VIDEO,25603,n/a,n/a,170,0,27,n/a,
11-04-2020 18:00:52,https://scontent-lax3-1.cdninstagram.com/v/t51.29350-15/123410186_171991307903853_1093840406320121239_n.jpg?_nc_cat=104&ccb=1-7&_nc_sid=8ae9d6&_nc_ohc=_OjY3dJnIEsAX_jOiWR&_nc_ht=scontent-lax3-1.cdninstagram.com&edm=AEQ6tj4EAAAA&oh=00_AT-JU_1o9R6ODePGnxQrxzyHu3ZSgAMQi5VUT3LJkjP_0g&oe=63012F0B,https://www.instagram.com/reel/CHLZnvpFtTZ/,"Here are some movies to watch if you love Alan Rickman as Professor Snape. Do you agree with our choices?

#totalnerd #harrypotter #harrypottermovies #alanrickman #snape #severus",VIDEO,213666,201038,3921,2725,34,829,333,
11-04-2020 16:24:21,https://scontent-lax3-1.cdninstagram.com/v/t51.29350-15/123373628_363747154853941_7762491405962372770_n.jpg?_nc_cat=105&ccb=1-7&_nc_sid=8ae9d6&_nc_ohc=k5vIGCBnXrUAX9vJRHG&_nc_ht=scontent-lax3-1.cdninstagram.com&edm=AEQ6tj4EAAAA&oh=00_AT_-F4JiDnV2B0zv8EadTIntJ7LCHzB8H5_EmWZm-JTwJQ&oe=63014CE9,https://www.instagram.com/tv/CHLOj2gAEU6/,Will the new season of 'The Mandalorian' live up to the hype? #themandalorian #disneyplus #disney #starwars,VIDEO,18304,n/a,n/a,139,0,13,n/a,
11-03-2020 18:22:21,https://scontent-lax3-2.cdninstagram.com/v/t51.29350-15/123773996_664019004279670_5847545652277141594_n.jpg?_nc_cat=103&ccb=1-7&_nc_sid=8ae9d6&_nc_ohc=8rvk8cwZS88AX_Eihco&_nc_ht=scontent-lax3-2.cdninstagram.com&edm=AEQ6tj4EAAAA&oh=00_AT_XnhopJKGgyu3Z_Rl8wzibrunGDuSAhnL1g1zWHwt8Zg&oe=63006E14,https://www.instagram.com/reel/CHI3Rz4Ffh2/,"Here are some shows to watch if you love The Umbrella Academy on Netflix. What are your favorites?

#totalnerd #netflix #umbrellaacademy #lockeandkey #themagicians #doompatrol",VIDEO,102147,102165,1968,1154,14,616,184,#umbrellaacademy  and #lokeandkey
10-29-2020 17:02:59,https://scontent-lax3-2.cdninstagram.com/v/t51.29350-15/122830370_721509821803227_2789555531131205923_n.jpg?_nc_cat=111&ccb=1-7&_nc_sid=8ae9d6&_nc_ohc=0uiQtF50Bm0AX8vdzba&_nc_ht=scontent-lax3-2.cdninstagram.com&edm=AEQ6tj4EAAAA&oh=00_AT9e_7blorOg8dCVz5r4W_9IDk307dMSl0MXA5Xgg1bYoA&oe=63016E18,https://www.instagram.com/reel/CG72Oq2lVY2/,"Here are our picks for the best comfort movies on HBO Max. What are some of your selections?

#totalnerd #hbomax #movie #movies",VIDEO,89746,87698,1980,1562,35,351,32,
10-28-2020 17:00:31,https://scontent-lax3-2.cdninstagram.com/v/t51.29350-15/122881787_3352830484835538_5985101318160346957_n.jpg?_nc_cat=107&ccb=1-7&_nc_sid=8ae9d6&_nc_ohc=AKAtFA-PihoAX-hkvsW&_nc_ht=scontent-lax3-2.cdninstagram.com&edm=AEQ6tj4EAAAA&oh=00_AT_qCMRMFkWDiHFifp1Y-4LiWPkOOaHpWCcuYHDuWcVexA&oe=630132A4,https://www.instagram.com/reel/CG5RJPjFSWf/,"One fan theory claims that Hermione is actually Harry Potterâ€™s sisterâ€¦ and itâ€™s not as crazy as it sounds. Do you think itâ€™s possible?

#totalnerd #harrypotter #harrypotterbooks #harrypottermovies",VIDEO,49890,51463,602,428,7,69,98,
10-27-2020 23:31:37,https://scontent-lax3-1.cdninstagram.com/v/t51.29350-15/122720570_380940709724329_322627478792407394_n.jpg?_nc_cat=108&ccb=1-7&_nc_sid=8ae9d6&_nc_ohc=P0wjZKljuYAAX_GBNJf&_nc_ht=scontent-lax3-1.cdninstagram.com&edm=AEQ6tj4EAAAA&oh=00_AT-uDIIc8WZAg_oQGKmXPulAs4RAe4Brs7rrfsGKZ0V01A&oe=63017562,https://www.instagram.com/tv/CG3ZGkFD7qB/,Will the new season of 'Superstore' live up to the hype? #superstore #nbc #show #tv #ranker,VIDEO,13641,n/a,n/a,52,0,12,n/a,
10-27-2020 17:04:34,https://scontent-lax3-1.cdninstagram.com/v/t51.29350-15/122706572_120456513169957_3834283985826854819_n.jpg?_nc_cat=108&ccb=1-7&_nc_sid=8ae9d6&_nc_ohc=Z_zsoyP3yPIAX9B-U0U&_nc_ht=scontent-lax3-1.cdninstagram.com&edm=AEQ6tj4EAAAA&oh=00_AT-InfPX2bfBjkgU3QZlAD50uRUtiEZFQ-aCFP_-TcxUAA&oe=6301690C,https://www.instagram.com/reel/CG2s0kCFzyB/,"Here is what Hermione should have looked like, according to the #harrypotterbooks

#totalnerd #harrypotter #harrypottermovies",VIDEO,112371,111847,2108,1663,16,167,262,
10-21-2020 23:32:33,https://scontent-lax3-2.cdninstagram.com/v/t51.29350-15/122145679_383736623035976_5291357764905607098_n.jpg?_nc_cat=100&ccb=1-7&_nc_sid=8ae9d6&_nc_ohc=xE0-OVa7XEAAX_OY7As&_nc_ht=scontent-lax3-2.cdninstagram.com&edm=AEQ6tj4EAAAA&oh=00_AT8bmpbQ28ZY-tvgnddQiG8iKmiuVAtsUc771na23q4ZbA&oe=6300AA24,https://www.instagram.com/tv/CGn8bjrF5Xa/,Will the new season of 'Star Trek: Discovery' live up to the hype? #ranker #startrek #startrekdiscovery,VIDEO,12913,n/a,n/a,58,0,6,n/a,
10-20-2020 00:58:42,https://scontent-lax3-1.cdninstagram.com/v/t51.29350-15/121968301_376674990360572_5352337001995315703_n.jpg?_nc_cat=108&ccb=1-7&_nc_sid=8ae9d6&_nc_ohc=v6At-pKzqwwAX-h43r6&_nc_ht=scontent-lax3-1.cdninstagram.com&edm=AEQ6tj4EAAAA&oh=00_AT-LCJkBqOPYOsR-afbVj8iuhWC2tMPBadSspR15TdlZOg&oe=6301071D,https://www.instagram.com/tv/CGisYOulYJd/,"If you were a kid in the 90's you probably saw Zen The Intergalactic Ninja everywhere. Toys, Comics, Video Games, and Trading Cards. But did anyone actually like, Zen The Intergalactic Ninja? 

#Zen #IntergalacticNinja #TotalNerd",VIDEO,29728,n/a,n/a,406,4,113,n/a,
10-16-2020 21:14:53,https://scontent-lax3-1.cdninstagram.com/v/t51.29350-15/121529190_370308844115042_7380278473934028153_n.jpg?_nc_cat=105&ccb=1-7&_nc_sid=8ae9d6&_nc_ohc=vmXnfHymKJ4AX-KvPW5&_nc_ht=scontent-lax3-1.cdninstagram.com&edm=AEQ6tj4EAAAA&oh=00_AT9BUKPTWW64sagzALQOaZxtGgX9w-BbGN_KG7QFqLHQrw&oe=6300554C,https://www.instagram.com/tv/CGa0s-2n9qE/,Will the new season of 'Swamp Thing' live up to the hype? #ranker #swampthing #dc #comics,VIDEO,23636,n/a,n/a,335,4,58,n/a,
10-16-2020 19:10:17,https://scontent-lax3-2.cdninstagram.com/v/t51.29350-15/121582617_768613847030887_1260429626307089303_n.jpg?_nc_cat=111&ccb=1-7&_nc_sid=8ae9d6&_nc_ohc=j_2Rub8eXnkAX_QBMa6&_nc_ht=scontent-lax3-2.cdninstagram.com&edm=AEQ6tj4EAAAA&oh=00_AT9cpxbLGzmmXaV6ErBZxJ1IsinI_negmw4rL3xJM8bzJw&oe=6301046F,https://www.instagram.com/tv/CGakygiFNpY/,"Take your Star Wars, your Batmans, your Witcher novels, throw them into a video game, and what do you get? Sometimes kitsch, sometimes garbage, and sometimes...just sometimes, you get an incredible video game.

#VideoGames #LicensedGames #TotalNerd",VIDEO,18254,n/a,n/a,145,1,26,n/a,
10-15-2020 02:20:46,https://scontent-lax3-2.cdninstagram.com/v/t51.29350-15/121285629_350115942741459_3685817249001899006_n.jpg?_nc_cat=100&ccb=1-7&_nc_sid=8ae9d6&_nc_ohc=8PP312pCkdwAX98l_mV&_nc_ht=scontent-lax3-2.cdninstagram.com&edm=AEQ6tj4EAAAA&oh=00_AT9mPHOGY8Bv3sT5n86LSGMxivEovh5A-bESxJ8xB8y_Ow&oe=63002A91,https://www.instagram.com/tv/CGWLq1yFRFr/,"Doom is one of the most iconic video games of all time. It almost single handedly solidified the first person shoot genre. The game has spawned a franchise, feature films, and a mountain of merchandise.

#TotalNerd #Doom #VideoGames",VIDEO,30780,n/a,n/a,724,6,180,n/a,
10-12-2020 21:20:50,https://scontent-lax3-1.cdninstagram.com/v/t51.29350-15/121381059_3431390896914437_4130703718102007619_n.jpg?_nc_cat=105&ccb=1-7&_nc_sid=8ae9d6&_nc_ohc=dODJSnKIuuwAX8pJYgA&_nc_ht=scontent-lax3-1.cdninstagram.com&edm=AEQ6tj4EAAAA&oh=00_AT_HDtLdLy2UoHDJGNdAYDhuABLKs5TwtbYBgLZQFtIn-A&oe=6300EB9C,https://www.instagram.com/tv/CGQW9ahlVkb/,"Batman in an international icon. Heâ€™s beloved the world over. Heâ€™s been adapted into nearly every artistic medium known to mankind.  Bill Finger actually created the Caped Crusader and was robbed of his rightful creative legacy.

#Batman #BillFinger #TotalNerd",VIDEO,30708,n/a,n/a,622,6,138,n/a,
10-07-2020 19:30:51,https://scontent-lax3-2.cdninstagram.com/v/t51.29350-15/121055102_431449901172029_6292694676710681222_n.jpg?_nc_cat=101&ccb=1-7&_nc_sid=8ae9d6&_nc_ohc=bnlAWp7EsdUAX-rjeVY&_nc_ht=scontent-lax3-2.cdninstagram.com&edm=AEQ6tj4EAAAA&oh=00_AT-B6JGxWjcjYgtbCia-tqE77F5CUs9QfUsePlpQPlo7vA&oe=63012977,https://www.instagram.com/tv/CGDdYhVgOlE/,Will the new season of 'The Walking Dead' live up to the hype? #twd #thewalkingdead #amc #ranker #celebritypage,VIDEO,9963,n/a,n/a,74,0,8,n/a,
10-07-2020 19:05:09,https://scontent-lax3-1.cdninstagram.com/v/t51.29350-15/120923126_115675333636323_8456544992741912765_n.jpg?_nc_cat=110&ccb=1-7&_nc_sid=8ae9d6&_nc_ohc=JiW91t2M02EAX_XEppq&_nc_ht=scontent-lax3-1.cdninstagram.com&edm=AEQ6tj4EAAAA&oh=00_AT87ZTiI4ugvA3Men0bdD64ReJbuWrjXKskA3Er47nnP1w&oe=63013F2C,https://www.instagram.com/tv/CGDYJ2MlzFW/,"The Millennium Falcon is the fastest hunk of junk in the galaxy. This Star Wars legend made the Kessel run in less than 12 parsecs. Han Soloâ€™s modified Millennium Falcon YT-1300 Corellian Freighter is one of the most famous ships in all of film history. This is a comprehensive list about everything you need to know about the Star Wars ship: The Millennium Falcon

#MillenniumFalcon #StarWars #TotalNerd",VIDEO,46660,n/a,n/a,630,9,210,n/a,
10-05-2020 21:38:10,https://scontent-lax3-2.cdninstagram.com/v/t51.29350-15/120911821_341207517122982_2706152800554155015_n.jpg?_nc_cat=111&ccb=1-7&_nc_sid=8ae9d6&_nc_ohc=VYfBGw7jRnkAX-RTz8o&_nc_ht=scontent-lax3-2.cdninstagram.com&edm=AEQ6tj4EAAAA&oh=00_AT82C_GgC_nhR2-ZGVne6SIWnubM-tLrasDDEoZcgw30-g&oe=6301C874,https://www.instagram.com/tv/CF-WUdnFUJY/,"J. O'Barr's life seems to have been filled with loss and darkness, after struggling with addiction he turned this into a comic book which spawned one of the most successful movie franchises of the 1990's... The Crow. 

#TheCrow #BrandonLee #TotalNerd",VIDEO,17155,n/a,n/a,260,0,72,n/a,
10-02-2020 23:25:19,https://scontent-lax3-2.cdninstagram.com/v/t51.29350-15/120642526_979250782571345_3934173325512578856_n.jpg?_nc_cat=100&ccb=1-7&_nc_sid=8ae9d6&_nc_ohc=jaZ3ERCH-7UAX86-QT5&_nc_ht=scontent-lax3-2.cdninstagram.com&edm=AEQ6tj4EAAAA&oh=00_AT-WOcWXEXWAjF6cj80bkuxMtqLm_w2pabbQDmxu0UjxPw&oe=630114C2,https://www.instagram.com/tv/CF27l9_lMq7/,"Zombies seem to crawl out of their cultural graves every few years, simply refusing to stay dead. Our cultureâ€™s fascination with them exploded into a movement with the classic film â€œNight Of The Living Dead,â€ and slowly infected the cultural zeitgeist since then. The zombie trend comes and goes, and weâ€™ve seen them in movies, TV shows, graphic novels, and most importantly - at least for the sake of this argument - video games. 

#Zombies #VideoGames #ButtonMash",VIDEO,12325,n/a,n/a,112,1,5,n/a,
09-30-2020 19:13:26,https://scontent-lax3-1.cdninstagram.com/v/t51.29350-15/120317875_2414914488811986_6788296028099262108_n.jpg?_nc_cat=105&ccb=1-7&_nc_sid=8ae9d6&_nc_ohc=L7dlYQcc9oMAX8YBt1Z&_nc_ht=scontent-lax3-1.cdninstagram.com&edm=AEQ6tj4EAAAA&oh=00_AT8EEeu5qljaQwYHgPV1E25X1NxDyOpXIcy-mdcoRecwKA&oe=6301A2D2,https://www.instagram.com/tv/CFxUxdGFZn8/,"We all wish we were Superheroes, but that's also because we haven't actually thought through what that desire really entails.

#Superhero #Comics #TotalNerd",VIDEO,20655,n/a,n/a,320,3,47,n/a,
09-29-2020 18:57:39,https://scontent-lax3-1.cdninstagram.com/v/t51.29350-15/120299363_3431553370220923_4080004940877558592_n.jpg?_nc_cat=104&ccb=1-7&_nc_sid=8ae9d6&_nc_ohc=5Axlp-8-sCwAX_8ZoGb&_nc_ht=scontent-lax3-1.cdninstagram.com&edm=AEQ6tj4EAAAA&oh=00_AT_ilyJkiCx7QFIBgazOFIJVnt5dpGovWE0wYYtgIhidrA&oe=63018DC4,https://www.instagram.com/tv/CFusedKlDsQ/,"Vin Dieselâ€™s Bloodshot made its way into theaters in 2019. Obviously, that means itâ€™s time to talk about how Valiant built a video game empire, lost it, and then was reborn again.

#ValiantComics  #Bloodshot #TotalNerd",VIDEO,15806,n/a,n/a,186,0,35,n/a,
09-28-2020 21:21:01,https://scontent-lax3-2.cdninstagram.com/v/t51.29350-15/120203070_377428723628040_4316535377692479480_n.jpg?_nc_cat=111&ccb=1-7&_nc_sid=8ae9d6&_nc_ohc=rCj6c18Ng2gAX8yerBG&_nc_ht=scontent-lax3-2.cdninstagram.com&edm=AEQ6tj4EAAAA&oh=00_AT_4oKg3Jhoal5Js8cFYOxcC4_P2BDMxqoucXqMz9YsnvA&oe=630178E0,https://www.instagram.com/tv/CFsSxb6A3zf/,"You young whippersnappers might not remember the good old days, when arcade cabinets were clunky, the buttons were sticky, and the arcade smelled like old pizza and we LIKED it, dagnabbit! We didnâ€™t have virtual reality - we had actual reality! And if we lost the game we were losing money, too! You next-gen gamers should respect your elders! 

#Arcades #VideoGames #TotalNerd",VIDEO,17117,n/a,n/a,173,1,16,n/a,
09-25-2020 01:06:02,https://scontent-lax3-2.cdninstagram.com/v/t51.2885-15/120178744_657034421908626_4603328004152107443_n.jpg?_nc_cat=106&ccb=1-7&_nc_sid=8ae9d6&_nc_ohc=LMHrgqmQYzkAX95J1hI&_nc_ht=scontent-lax3-2.cdninstagram.com&edm=AEQ6tj4EAAAA&oh=00_AT9tWaJtrdJ8jOvQOmrz49h0FANdSdmIbjhtMailOQY61Q&oe=63017702,https://www.instagram.com/p/CFilHV-JB5s/,"ğ—ªğ—µğ˜† ğ—¥ğ—¼ğ—» ğ—ªğ—²ğ—®ğ˜€ğ—¹ğ—²ğ˜† ğ—œğ˜€ ğ—§ğ—µğ—² ğ— ğ—¼ğ˜€ğ˜ ğ—”ğ—»ğ—»ğ—¼ğ˜†ğ—¶ğ—»ğ—´ ğ—–ğ—µğ—®ğ—¿ğ—®ğ—°ğ˜ğ—²ğ—¿ ğ—œğ—» 'ğ—›ğ—®ğ—¿ğ—¿ğ˜† ğ—£ğ—¼ğ˜ğ˜ğ—²ğ—¿'â 
â 
â 
â 
â 
#totalnerd #harrypotter #ronweasley #hermionegranger",VIDEO,14862,6517,182,155,5,22,n/a,
09-24-2020 00:17:23,https://scontent-lax3-1.cdninstagram.com/v/t51.29350-15/120140468_1436065629921665_2170177566329665429_n.jpg?_nc_cat=110&ccb=1-7&_nc_sid=8ae9d6&_nc_ohc=waGG2fgM3DsAX86-b_C&_nc_ht=scontent-lax3-1.cdninstagram.com&edm=AEQ6tj4EAAAA&oh=00_AT-TArcYKuXgFa1rp015GL2skaLuOO_bbxLTohrEHoxwrw&oe=63018965,https://www.instagram.com/p/CFf7TCWlYLS/,Do you think the new season of #Pen15 will live up to the hype? #celebritypage #ranker #pen15 #hulu,VIDEO,8868,2511,74,70,0,4,n/a,
09-23-2020 20:16:16,https://scontent-lax3-2.cdninstagram.com/v/t51.29350-15/120044447_207604774038237_5096508310700723726_n.jpg?_nc_cat=107&ccb=1-7&_nc_sid=8ae9d6&_nc_ohc=f7l2VtExcJYAX_OzhEn&_nc_ht=scontent-lax3-2.cdninstagram.com&edm=AEQ6tj4EAAAA&oh=00_AT8ggVkwLQzU9dtZ_9KuIRWQgz4WndbFHnTWzndO0w4t9w&oe=6301BE6A,https://www.instagram.com/tv/CFfcFkcjq2u/,"Marvel might be ruling the world with their movies, but itâ€™s been a long winding road to the top.  How many of these facts did you already know?  Let us know in the comments below!

#Marvel #Avengers #TotalNerd",VIDEO,20600,n/a,n/a,338,2,124,n/a,
09-23-2020 17:06:17,https://scontent-lax3-1.cdninstagram.com/v/t51.2885-15/120040395_2761147250824984_8139384887390412862_n.jpg?_nc_cat=102&ccb=1-7&_nc_sid=8ae9d6&_nc_ohc=ACWfvfwY2dYAX-vN2VK&_nc_ht=scontent-lax3-1.cdninstagram.com&edm=AEQ6tj4EAAAA&oh=00_AT8y8KMSVMkCf5ZJoi4vEDXTmUxHY7E5bwk1ZR9sUeLB7Q&oe=63007A54,https://www.instagram.com/p/CFfJcPWn904/,"ğ—§ğ—µğ—² ğ—–ğ—®ğ˜€ğ˜ ğ—¢ğ—³ 'ğ—”ğ˜ƒğ—®ğ˜ğ—®ğ—¿ ğ—§ğ—µğ—² ğ—Ÿğ—®ğ˜€ğ˜ ğ—”ğ—¶ğ—¿ğ—¯ğ—²ğ—»ğ—±ğ—²ğ—¿' ğ—”ğ˜€ ğ—¥ğ—®ğ—ºğ—®ğ—» ğ—™ğ—¹ğ—®ğ˜ƒğ—¼ğ—¿ğ˜€â 
â 
What is your favorite ATLA character's flavor? Aang is kind of a low blow, but it is still pretty funny.â 
â 
â 
â 
â 
#totalnerd #avatarthelastairbender #atla #netflix",VIDEO,9921,2387,119,109,0,10,n/a,
09-21-2020 22:23:36,https://scontent-lax3-2.cdninstagram.com/v/t51.29350-15/119888820_983017898841098_3020398099397962124_n.jpg?_nc_cat=106&ccb=1-7&_nc_sid=8ae9d6&_nc_ohc=nLuwYsjDnTUAX-ndY02&_nc_ht=scontent-lax3-2.cdninstagram.com&edm=AEQ6tj4EAAAA&oh=00_AT-l-WL_uLBs1FnCWscjVl2d_7b-wRXVi6JAdyBrM8019w&oe=63020C5A,https://www.instagram.com/tv/CFaYZp8lnL2/,"Captain Marvel is one of the most popular and long lasting superheroes to come out of the super hero gold rush of the 1940â€™s. However, the characterâ€™s enduring legacy has a secret wrinkle no one wants to discussâ€¦ racism.

#CaptainMarvel #TotalNerd #Shazam",VIDEO,26554,n/a,n/a,414,4,83,n/a,
09-18-2020 20:33:01,https://scontent-lax3-2.cdninstagram.com/v/t51.29350-15/119682155_202487107901505_1779895474828983403_n.jpg?_nc_cat=107&ccb=1-7&_nc_sid=8ae9d6&_nc_ohc=wAK3lOQ58_MAX-dC_n5&_nc_ht=scontent-lax3-2.cdninstagram.com&edm=AEQ6tj4EAAAA&oh=00_AT8vlsy3ZhJ1qhxqkcQZ-AqRZAdtqOj4-COsKm-sY2swag&oe=6300AECC,https://www.instagram.com/tv/CFSa5SRFczH/,"The Mandalorian breathed new life into the Star Wars Universe. But it's definitely not the first time we've seen the coolest Bounty Hunters in the galaxy far, far away. 

#Mandalorian #StarWars #TotalNerd",VIDEO,88696,n/a,n/a,1890,14,570,n/a,
09-17-2020 16:28:06,https://scontent-lax3-2.cdninstagram.com/v/t51.29350-15/119708027_329636798304825_6277575559112366949_n.jpg?_nc_cat=100&ccb=1-7&_nc_sid=8ae9d6&_nc_ohc=ZY-MYoDC1X8AX_rDtZj&_nc_ht=scontent-lax3-2.cdninstagram.com&edm=AEQ6tj4EAAAA&oh=00_AT8nZsOd2JHvo5nvVI-UXL46M_Ei8e_TJqxMRq5wDASwgg&oe=6300F4FD,https://www.instagram.com/tv/CFPozbxgt9s/,Will the new season of 'Archer' live up to the hype? #archer #netflix #ranker #cartoon,VIDEO,13475,n/a,n/a,103,1,10,n/a,
09-14-2020 19:32:28,https://scontent-lax3-2.cdninstagram.com/v/t51.29350-15/119333083_345236749999522_2642311636943263866_n.jpg?_nc_cat=100&ccb=1-7&_nc_sid=8ae9d6&_nc_ohc=pvVCiQVUxCIAX-UMDcz&_nc_ht=scontent-lax3-2.cdninstagram.com&edm=AEQ6tj4EAAAA&oh=00_AT8fZUVwxuoyBORLCst5GHr7VZ6V8DWcmym54i4HR3jJEg&oe=6300F6A7,https://www.instagram.com/tv/CFII2yBjWAN/,Spencer sets up 4 goals to achieve while playing the remastered version of the iconic Tony Hawks Pro Skater 1 + 2,VIDEO,24669,n/a,n/a,311,0,32,n/a,
09-14-2020 18:21:13,https://scontent-lax3-2.cdninstagram.com/v/t51.29350-15/119220814_316385242796795_5802141762256133113_n.jpg?_nc_cat=103&ccb=1-7&_nc_sid=8ae9d6&_nc_ohc=ln8PNo5vQzoAX8BuJOd&_nc_ht=scontent-lax3-2.cdninstagram.com&edm=AEQ6tj4EAAAA&oh=00_AT-Ip_rzQcmB3vNDQRgkemluBHOkSAVNv4PlyEGpVPXrnQ&oe=6301AD5C,https://www.instagram.com/tv/CFIE_WaD5Qm/,"With very few exceptions, Pixar appears to be unstoppable.  But how are they able to achieve this time after time?  Well, at itâ€™s heart, the answer is â€˜What Ifâ€™ a concept that is at the core of Pixar and it is the key to why they pump out hit after hit.

#Pixar #Disney #TotalNerd",VIDEO,21774,n/a,n/a,264,2,88,n/a,
09-11-2020 18:32:16,https://scontent-lax3-2.cdninstagram.com/v/t51.29350-15/119108445_3583759868301067_3543752047909432244_n.jpg?_nc_cat=111&ccb=1-7&_nc_sid=8ae9d6&_nc_ohc=WsJ9U08QjYAAX-RyDN-&_nc_ht=scontent-lax3-2.cdninstagram.com&edm=AEQ6tj4EAAAA&oh=00_AT8choW-NaqBgTUibof9XPQIVlU4IM6uM-whF3oljeJHgQ&oe=63007280,https://www.instagram.com/tv/CFAaOSoD_Wu/,Does the new season of 'The Boys' live up to the hype? #theboys #watchworthy #amazon #celebritypage #ranker,VIDEO,19329,n/a,n/a,258,6,37,n/a,
09-09-2020 18:37:55,https://scontent-lax3-2.cdninstagram.com/v/t51.29350-15/118998069_201378354666805_8347701254552775196_n.jpg?_nc_cat=107&ccb=1-7&_nc_sid=8ae9d6&_nc_ohc=e5yzKw0LlWwAX-AHyJ-&_nc_ht=scontent-lax3-2.cdninstagram.com&edm=AEQ6tj4EAAAA&oh=00_AT_Or6aUI-Dh0mCTWCkTbrv9ca_riqczGKRLym_KQc6TzQ&oe=63019AED,https://www.instagram.com/tv/CE7OW7PD2af/,"We all make choices in life. Some good, some bad. Occasionally, those choices cause us to become super villains... but then we think better of it and decide we'd rather live a life of the straight an narrow. 

#SuperHeroes #SuperVillains #TotalNerd",VIDEO,71035,n/a,n/a,1464,7,325,n/a,
09-08-2020 21:35:08,https://scontent-lax3-1.cdninstagram.com/v/t51.29350-15/118957970_684312489105575_3372801540028282093_n.jpg?_nc_cat=102&ccb=1-7&_nc_sid=8ae9d6&_nc_ohc=16X6HWy-FJAAX_CkgyT&_nc_ht=scontent-lax3-1.cdninstagram.com&edm=AEQ6tj4EAAAA&oh=00_AT8X5QGgynn6kcJQck1VY6uTKD7b3x6RZMwC3OrhX7Xsxg&oe=63004FB5,https://www.instagram.com/tv/CE4_B_LDYWx/,"In a world where superhero films like The X-men, Birds of Prey, and New Mutants reigns supreme, youâ€™d think that weâ€™d be awash in garish displays of spandex and altruistic role models hell-bent on breaking societyâ€™s apathetic decline towards moral decayâ€¦ but instead, weâ€™re given a chorus of grieving murderous demi-gods and extra-legal vigilantes who are so self-consciously determined to be taken SERIOUSLY they miss the point of superhero fiction altogether. Or at least they dress like it.",VIDEO,35719,n/a,n/a,726,10,153,n/a,
09-02-2020 19:13:28,https://scontent-lax3-2.cdninstagram.com/v/t51.29350-15/118726025_748687525964203_1127710825524325305_n.jpg?_nc_cat=101&ccb=1-7&_nc_sid=8ae9d6&_nc_ohc=pLc1YDffw9MAX_S3Khv&_nc_oc=AQnjIwisGZmqexV5814KaMScKhPxLX61IBCaV6C8kzh1Wzbthik5_4dBHfb6ndKyhHIzpbaND9rV-G4OtUTK65uB&_nc_ht=scontent-lax3-2.cdninstagram.com&edm=AEQ6tj4EAAAA&oh=00_AT-AGoThgQkmboG7wH8DB6PUqQjg644x30ju9hRTtiH9bw&oe=6300C7F4,https://www.instagram.com/tv/CEpPru_D8wT/,"The Legend of Zelda is one of the most famous video game franchises in history, with over 20 games, spanning 40 years. 

#Zelda #VideoGames #Nintendo #TotalNerd",VIDEO,25773,n/a,n/a,348,4,77,n/a,
09-01-2020 19:09:12,https://scontent-lax3-2.cdninstagram.com/v/t51.29350-15/118661488_206511907494390_4289569366614699552_n.jpg?_nc_cat=100&ccb=1-7&_nc_sid=8ae9d6&_nc_ohc=wmq5snpBzAIAX-kX03J&_nc_ht=scontent-lax3-2.cdninstagram.com&edm=AEQ6tj4EAAAA&oh=00_AT9SRC6oKDIAnThHruSdFRAyRdl8GLwG_bssHn_quUpekg&oe=6301766A,https://www.instagram.com/tv/CEmrE9tj1Dm/,"Tony Wong is Hong Kong's resident comic book living legend. He's a publisher, writer, artist, and editor... supposedly. He's objectively the most successful comic book creator to ever come out of Hong Kong, let's take a look that what made him successful.

#TonyWong #DragonTigerGate #TotalNerd",VIDEO,14845,n/a,n/a,114,1,14,n/a,
08-31-2020 18:33:12,https://scontent-lax3-2.cdninstagram.com/v/t51.29350-15/118403939_337593950620982_4885718339085105803_n.jpg?_nc_cat=101&ccb=1-7&_nc_sid=8ae9d6&_nc_ohc=OvBY98nYTeUAX-r3n1n&_nc_ht=scontent-lax3-2.cdninstagram.com&edm=AEQ6tj4EAAAA&oh=00_AT_fm-W5aviWUA6KbmMPGxdKdKMSTFPtMxxEllmFV5XNdQ&oe=6301C321,https://www.instagram.com/tv/CEkFcrYDLiG/,Will the new season of 'A.P. Bio' live up to the hype? #apbio #nbc #tv #ranker #celebritypage,VIDEO,7129,n/a,n/a,98,0,11,n/a,
08-28-2020 21:11:54,https://scontent-lax3-1.cdninstagram.com/v/t51.29350-15/118402790_349500276089301_5393647084393087054_n.jpg?_nc_cat=109&ccb=1-7&_nc_sid=8ae9d6&_nc_ohc=qyQOBB0ffM4AX9tlUdb&_nc_ht=scontent-lax3-1.cdninstagram.com&edm=AEQ6tj4EAAAA&oh=00_AT8r1EqTXwtbE89lGPtvJPgaVfpMemIxumptsOtQ8h3_0A&oe=63013BAE,https://www.instagram.com/tv/CEcmEYoDCGP/,"Fall Guys: Ultimate Knockout is a 2020 platformer battle royale game developed by Mediatonic and published by Devolver Digital.

#FallGuys #VideoGames #ButtonMash",VIDEO,1476,n/a,n/a,167,1,24,n/a,
08-26-2020 20:24:05,https://scontent-lax3-1.cdninstagram.com/v/t51.29350-15/118471054_359790801713709_8839283746869043764_n.jpg?_nc_cat=102&ccb=1-7&_nc_sid=8ae9d6&_nc_ohc=g2q3Qu7PvbUAX8rFe3Z&_nc_ht=scontent-lax3-1.cdninstagram.com&edm=AEQ6tj4EAAAA&oh=00_AT9Nvp51PDh5nnMw-oU_WgEZnsusJEa1o4kdBk4hWqlUYg&oe=6300355D,https://www.instagram.com/tv/CEXZbZlj3bj/,"Sometimes you're watching a movie and a stunt goes wrong and you just have to cringe from empathetic pain receptors in your brain. Today, we're going to showcase a wide-ranging list of movie instances where you just have to bite your knuckle and inhale sharply. 

#ExtremeMovieStunts #StuntsGoneWrong #TotalNerd",VIDEO,11867,n/a,n/a,2204,8,603,n/a,
08-24-2020 19:47:48,https://scontent-lax3-1.cdninstagram.com/v/t51.29350-15/118175788_332689031473932_2689769626093887173_n.jpg?_nc_cat=105&ccb=1-7&_nc_sid=8ae9d6&_nc_ohc=z_1Bvo5SeFIAX9VF3kx&_nc_oc=AQlOXayqNZ7EDa0wF7H2hx8xBSwUTo5tWEfRwy_x923uty1Yat38gFGIZDUelhJzmu9v23wuV54hTUStCJPws20k&_nc_ht=scontent-lax3-1.cdninstagram.com&edm=AEQ6tj4EAAAA&oh=00_AT9HonS8bh1SwcQGVIZbIDY5TMlTrC5AC6uJb_IXyLJJdw&oe=6301E12E,https://www.instagram.com/tv/CESIEFHDVzW/,"Under Chris Claremontâ€™s shepherding the X-Men became the highest-selling single-issue comic book of all time. However, theyâ€™ve spent the better part of the last decade floundering. Today weâ€™re going to examine why Jonathan Hickman is the guy to restore the X-Men to their former glory and why Marvelâ€™s Merry Mutants might just provide a canvas for the greatest mainstream superhero story ever created.

#XMen #HouseOfX #TotalNerd",VIDEO,1460,n/a,n/a,181,0,35,n/a,
08-21-2020 19:00:15,https://scontent-lax3-2.cdninstagram.com/v/t51.29350-15/117919270_1362714057264974_4805441589558765020_n.jpg?_nc_cat=111&ccb=1-7&_nc_sid=8ae9d6&_nc_ohc=H0Axm3k2zx8AX_P50I_&_nc_ht=scontent-lax3-2.cdninstagram.com&edm=AEQ6tj4EAAAA&oh=00_AT8KbstoYRh2OxXW5QZ3O-uBq6BF1HXvAq1hiewAhnnElw&oe=63003E72,https://www.instagram.com/tv/CEKXOekDLCm/,"The beautiful thing about video games as a medium is that itâ€™s, at its heart, an interactive way to explore storytelling. Games explore the full gamut of options from being swept along a linear path with some hacking and slashing in between, all the way to puzzling your way through a carefully carved narrative.  But, arguably some of the best games out there give the players the choice of how the story plays out.",VIDEO,430,n/a,n/a,87,0,12,n/a,
08-17-2020 23:56:39,https://scontent-lax3-2.cdninstagram.com/v/t51.29350-15/117959486_347477416644453_5634073846884658239_n.jpg?_nc_cat=107&ccb=1-7&_nc_sid=8ae9d6&_nc_ohc=rhZNnO73Z8EAX8snT6Q&_nc_ht=scontent-lax3-2.cdninstagram.com&edm=AEQ6tj4EAAAA&oh=00_AT_aFT1Abbx6D2fOBB0f-rC6OnDcDam5b8ClD3q786LTkQ&oe=63003FCA,https://www.instagram.com/tv/CEAnN-gjUOE/,Will the new season of 'Hard Knocks' live up to the hype? #hardknocks #chargers #rams #la #hbo #ranker,VIDEO,246,n/a,n/a,65,0,5,n/a,
08-17-2020 21:21:58,https://scontent-lax3-2.cdninstagram.com/v/t51.29350-15/117820621_307701017205890_6443794004770830289_n.jpg?_nc_cat=106&ccb=1-7&_nc_sid=8ae9d6&_nc_ohc=cMC6J2euFxYAX908mwq&_nc_ht=scontent-lax3-2.cdninstagram.com&edm=AEQ6tj4EAAAA&oh=00_AT_CYSI0pfnwA684t2dmMr6mw47dwoWzSExFUd2mg72uSg&oe=6301D7EF,https://www.instagram.com/tv/CEAT6hYjrHy/,"The X-men are a multi-generational international team of do-gooders... They've been featured in comics, toy lines, and feature films. Mutant X? They're closer to the cinematic equivalent of the Go-Bots.

#Marvel #MutantX #XMen",VIDEO,444,n/a,n/a,246,1,61,n/a,
08-14-2020 18:45:21,https://scontent-lax3-2.cdninstagram.com/v/t51.29350-15/117422095_1161179544256896_8145300252276243671_n.jpg?_nc_cat=111&ccb=1-7&_nc_sid=8ae9d6&_nc_ohc=OBJnFV_bx2kAX8sxd04&_nc_ht=scontent-lax3-2.cdninstagram.com&edm=AEQ6tj4EAAAA&oh=00_AT8hrEy-FZN13ULFKGhy7cPT54fqxajJQ8ZA2Yei8zrAHw&oe=6300253D,https://www.instagram.com/tv/CD4RKn_Duh1/,"Valorant is a free-to-play multiplayer tactical first-person shooter developed and published by Riot Games, for Microsoft Windows. 

#Valorant #ButtonMash #TotalNerd",VIDEO,51,n/a,n/a,132,0,9,n/a,
08-13-2020 20:40:17,https://scontent-lax3-2.cdninstagram.com/v/t51.29350-15/117605299_295882811739702_4677488013152378281_n.jpg?_nc_cat=107&ccb=1-7&_nc_sid=8ae9d6&_nc_ohc=CTe4UfKmcu0AX-2THPV&_nc_ht=scontent-lax3-2.cdninstagram.com&edm=AEQ6tj4EAAAA&oh=00_AT-WckF2ZUhkGwni49FOFIOZgQ3DeqNU0HjMKcPnvPT8gA&oe=63014779,https://www.instagram.com/tv/CD19qk8l9U0/,Will the new season of 'The Rain' live up to the hype? #netflix #therain #ranker #celebritypage,VIDEO,39,n/a,n/a,81,0,6,n/a,
08-12-2020 19:16:14,https://scontent-lax3-1.cdninstagram.com/v/t51.29350-15/117150682_971183389970309_6767042320773291558_n.jpg?_nc_cat=109&ccb=1-7&_nc_sid=8ae9d6&_nc_ohc=GNAvf9pFscMAX8JZ88X&_nc_oc=AQmeSOGswDHucSPnvBjO_BqkX15QCHA17epwZGdUmTT6zJIgvFnSHMCAFtk_LwKFWwqN-RsuqA0IpvwcnN4z0qeC&_nc_ht=scontent-lax3-1.cdninstagram.com&edm=AEQ6tj4EAAAA&oh=00_AT-a7yKOgqZVwi5V0GQT7YTt1mWwlINopph3EUu7gnOlag&oe=63003A51,https://www.instagram.com/tv/CDzPI6hDEa2/,"Making movies is hard, but itâ€™s even harder when youâ€™re constantly being asked to alter vital story elements by the studio. Today, weâ€™re going to examine ten changes that completely ruined what could have been your favorite films.",VIDEO,1998,n/a,n/a,2233,11,778,n/a,
08-10-2020 21:18:27,https://scontent-lax3-2.cdninstagram.com/v/t51.29350-15/117342495_740290030138417_1870424396508459428_n.jpg?_nc_cat=111&ccb=1-7&_nc_sid=8ae9d6&_nc_ohc=FUKZaaQuqGEAX-17mMF&_nc_ht=scontent-lax3-2.cdninstagram.com&edm=AEQ6tj4EAAAA&oh=00_AT-aGnx0fCM_bxbLcEIluRPm--4abx0AnhpeB3ETDe3saw&oe=6300F338,https://www.instagram.com/tv/CDuRTybjvsY/,Frank Millerâ€™s iconic neo-noir Sin City has been heralded as a classic. But what if the book had a secret meaning lurking in-between the panels this whole time?,VIDEO,62,n/a,n/a,193,0,51,n/a,
08-07-2020 20:25:37,https://scontent-lax3-1.cdninstagram.com/v/t51.29350-15/106911268_1983277128646093_3850285582411415922_n.jpg?_nc_cat=109&ccb=1-7&_nc_sid=8ae9d6&_nc_ohc=siD8DJCZJh0AX-K2ZE6&_nc_ht=scontent-lax3-1.cdninstagram.com&edm=AEQ6tj4EAAAA&oh=00_AT_XZyYg8do-L66MHZrg-qaMr0MfZFvXKqEy3S6qN0hsQg&oe=6301EF4A,https://www.instagram.com/tv/CDmdwPyjW3k/,"Every time you turn around, â€œCyberpunk 2077â€ is back in the news. Whether itâ€™s showing off a new gameplay trailer, getting delayed again, announcing the tie-in anime series, getting delayed again, reminding us Keanu Reeves is in it, or you know, getting delayed againâ€¦ we canâ€™t seem to escape from it.",VIDEO,32,n/a,n/a,143,0,12,n/a,
08-05-2020 23:16:54,https://scontent-lax3-1.cdninstagram.com/v/t51.29350-15/117103914_216684119713938_4986744460995002645_n.jpg?_nc_cat=109&ccb=1-7&_nc_sid=8ae9d6&_nc_ohc=72EY1nQPwq0AX-kWM8h&_nc_ht=scontent-lax3-1.cdninstagram.com&edm=AEQ6tj4EAAAA&oh=00_AT9K36G-PSmIyHpxvVfBPxnLdYU2sbc7XbemiCP8ICcuQw&oe=6300DF34,https://www.instagram.com/tv/CDhn5pAj43S/,"The webbed wall-crawler is one of the most popular superheroes on planet Earth. Heâ€™s conquered the box office, dominated the comic book industry, and had numerous video games. Today, weâ€™re gonna list 100 facts you didnâ€™t know about Spider-Man.",VIDEO,59,n/a,n/a,524,5,165,n/a,
08-04-2020 19:49:24,https://scontent-lax3-2.cdninstagram.com/v/t51.29350-15/116908301_1093681137716679_8708970257761860557_n.jpg?_nc_cat=100&ccb=1-7&_nc_sid=8ae9d6&_nc_ohc=rAnGp1hCohAAX_cosPd&_nc_ht=scontent-lax3-2.cdninstagram.com&edm=AEQ6tj4EAAAA&oh=00_AT9DBknRgPV8Lkp-HkV6xF1-DC4nQ6gos38lez5wmDtYGQ&oe=630202D1,https://www.instagram.com/tv/CDespcFnjok/,Do you think the new season will live up to the hype? #netflix #umbrellaacademy #celebritypage #ranker,VIDEO,20,n/a,n/a,158,1,21,n/a,
08-04-2020 02:55:25,https://scontent-lax3-1.cdninstagram.com/v/t51.29350-15/117259246_2674740036102523_2427032578235595152_n.jpg?_nc_cat=104&ccb=1-7&_nc_sid=8ae9d6&_nc_ohc=Vm6puUVYn9QAX8upBiR&_nc_ht=scontent-lax3-1.cdninstagram.com&edm=AEQ6tj4EAAAA&oh=00_AT-mxDSDG5BFYF9HV8lFHdG4KjWRc2TBhOa6J79sFuiGFg&oe=63011681,https://www.instagram.com/tv/CDc3Yntj4hR/,"Today on Total Nerd Comics, weâ€™ll explain the history of The Watchmen and how it almost destroyed Alan Moore.",VIDEO,29,n/a,n/a,257,5,62,n/a,
07-29-2020 20:04:04,https://scontent-lax3-1.cdninstagram.com/v/t51.29350-15/115836529_345348963149244_367622837563872024_n.jpg?_nc_cat=109&ccb=1-7&_nc_sid=8ae9d6&_nc_ohc=nKqVgzWJ0_4AX-K2_Af&_nc_ht=scontent-lax3-1.cdninstagram.com&edm=AEQ6tj4EAAAA&oh=00_AT8imR-u6B4FkdW1z2t_PE1lptRwWkCYOaQsDxrg8Sq6kA&oe=63010A86,https://www.instagram.com/tv/CDPRxSXHh9W/,Will the final season of 'Room 104' live up to the hype? #room104 #watchworthy #ranker #celebritypage #hbo,VIDEO,11,n/a,n/a,78,0,2,n/a,
07-29-2020 18:54:59,https://scontent-lax3-1.cdninstagram.com/v/t51.29350-15/116704748_602795120609534_6100315266393910922_n.jpg?_nc_cat=109&ccb=1-7&_nc_sid=8ae9d6&_nc_ohc=SaaJjckASp8AX8BcA3B&_nc_ht=scontent-lax3-1.cdninstagram.com&edm=AEQ6tj4EAAAA&oh=00_AT8p5K90YBxIShU4Z192bwPjfbkn9YZiKOmcFRb6xBQJyA&oe=6301498D,https://www.instagram.com/tv/CDPJXtVjNCo/,"Sometimes itâ€™s just really hard to know what to read... â€‹So Here are: â€œTop Ten Non Superhero Comicsâ€, â€‹ as voted on by you-- the viewer.",VIDEO,16,n/a,n/a,108,3,6,n/a,
07-27-2020 18:55:46,https://scontent-lax3-1.cdninstagram.com/v/t51.29350-15/115806645_337610380577087_6474939283479229127_n.jpg?_nc_cat=105&ccb=1-7&_nc_sid=8ae9d6&_nc_ohc=Pzz-2pHlOXEAX-lhGyq&_nc_ht=scontent-lax3-1.cdninstagram.com&edm=AEQ6tj4EAAAA&oh=00_AT_yR94w1mhttP773Z7P4zy7kMGIiwK1nVVRjzZNhEaB4w&oe=630025AC,https://www.instagram.com/tv/CDJ_QGVDTZo/,"Kickstarter is one of the most important status quo shifts in the history of comics. With all the instability and uncertainty surrounding comics itâ€™s important to take stoke of what change kickstarter has brought, how vital a tool it is, and how it will shape the future of the medium.",VIDEO,14,n/a,n/a,136,0,10,n/a,
07-25-2020 00:19:59,https://scontent-lax3-2.cdninstagram.com/v/t51.29350-15/116127636_1560218130805876_8109940330246566113_n.jpg?_nc_cat=111&ccb=1-7&_nc_sid=8ae9d6&_nc_ohc=pBEw7vCuyLYAX-fko9L&_nc_oc=AQnCJMrOOylGD6CLS-NKmtLd_QSJ5LPDSEtujG0liuAUBI0NCP0qrT5dnlul61_xqR_XmNk3_XmYvslkiFOreUSE&_nc_ht=scontent-lax3-2.cdninstagram.com&edm=AEQ6tj4EAAAA&oh=00_AT_caqXJUzJiJBq38-DkTCSCd7HFcDM4UUkf3BaBMUNe6A&oe=63008DF5,https://www.instagram.com/tv/CDC1VuHjUxw/,"PC or console? Xbox or PlayStation? To Nintendo, or not to Nintendo? That is the Console Wars question. And weâ€™ve been asking each other pretty much the same thing for decades. But with the increasing popularity of crossplay - and I do mean being able to play â€œRocket Leagueâ€ on Switch while your friend plays on PS4 - and the decline of single console exclusives, will the long raging console wars finally come to end?'",VIDEO,10,n/a,n/a,179,1,19,n/a,
07-22-2020 18:13:54,https://scontent-lax3-1.cdninstagram.com/v/t51.29350-15/111946843_206357814109786_7881666623655271826_n.jpg?_nc_cat=105&ccb=1-7&_nc_sid=8ae9d6&_nc_ohc=HNWozkyGujwAX8Ni8wf&_nc_ht=scontent-lax3-1.cdninstagram.com&edm=AEQ6tj4EAAAA&oh=00_AT-3K0voSINHHWvZa_4hACd0HNdzAxxI91hCyo8zxHMKsw&oe=6300C09B,https://www.instagram.com/tv/CC9CtKcjPh_/,"Mario is arguably the most important iconic and recognizable video game characters in the history of the medium. Heâ€™s been Nintendoâ€™s mascot, a feature film character, and the star of over 200 video games.",VIDEO,26,n/a,n/a,326,0,83,n/a,
07-20-2020 21:11:38,https://scontent-lax3-2.cdninstagram.com/v/t51.29350-15/109779846_307775060421421_5680456418687201400_n.jpg?_nc_cat=106&ccb=1-7&_nc_sid=8ae9d6&_nc_ohc=U1ggtb8W0yQAX8E87Lh&_nc_ht=scontent-lax3-2.cdninstagram.com&edm=AEQ6tj4EAAAA&oh=00_AT_DfqDxNwKRk8FBTI2mkiW8MTIyyQhCB-Bo7-LsE9pmKg&oe=63020C3F,https://www.instagram.com/tv/CC4NWOgjiAC/,"Inarguably one of the most important creators of the 20th century, Jack Kirby is responsible for so many iconic fictional characters itâ€™s almost impossible to list them all. From Captain America, The Hulk, and Etrigan, The Demon to The X-Men, Fantastic Four, and New Gods. The list of Kirbyâ€™s contributions to popular fiction is simply mind-boggling.

#JackKirby #TheEternals #totalnerd",VIDEO,13,n/a,n/a,116,1,7,n/a,
07-17-2020 22:34:03,https://scontent-lax3-2.cdninstagram.com/v/t51.29350-15/109257900_1595466677301051_3815206189573139213_n.jpg?_nc_cat=103&ccb=1-7&_nc_sid=8ae9d6&_nc_ohc=c57qYGXZA_4AX_EyGud&_nc_ht=scontent-lax3-2.cdninstagram.com&edm=AEQ6tj4EAAAA&oh=00_AT-3o_aSCpbGji23R83yvB-JfAjBexvHs89mB_siZsle1Q&oe=6301E2FA,https://www.instagram.com/tv/CCwpNqNHnCi/,Does the '30 Rock' reunion special live up to the hype? #ranker #30rock #nbc #celebritypage,VIDEO,42,n/a,n/a,69,0,2,n/a,
07-16-2020 23:13:48,https://scontent-lax3-1.cdninstagram.com/v/t51.29350-15/109230614_113157796981347_30388368107627946_n.jpg?_nc_cat=108&ccb=1-7&_nc_sid=8ae9d6&_nc_ohc=aejkcAxWol0AX-rH0Bx&_nc_ht=scontent-lax3-1.cdninstagram.com&edm=AEQ6tj4EAAAA&oh=00_AT_JqLAh3Xu0Ymgd97pqosWybpeJZkigqBE_jzWna3i5vw&oe=6301711D,https://www.instagram.com/tv/CCuIpiNDiKn/,"From @marvelstudiosâ€™ #ThorRagnarok to @jojorabbitmovie and more,
@taikawaititi is taking Hollywood by storm! Here are some more things about him ğŸ™ŒğŸ»
.
.
.
#taikawaititi #thor #marvelstudios #mcu #marvelcinematicuniverse #marvel #marvelcomics #marveluniverse #jojorabbit #movie #director #actor #hollywood #tv #television #entertainment #entertainmentnews #celeb #celebs #celebrity #celebrities",VIDEO,27,n/a,n/a,677,6,168,n/a,
07-16-2020 23:01:36,https://scontent-lax3-1.cdninstagram.com/v/t51.29350-15/108993843_1192058917811290_6452423788125717891_n.jpg?_nc_cat=105&ccb=1-7&_nc_sid=8ae9d6&_nc_ohc=Cw2ou9t-FugAX_TAoRK&_nc_ht=scontent-lax3-1.cdninstagram.com&edm=AEQ6tj4EAAAA&oh=00_AT87gQk-fkW0Q5O6iUBiYeY-dvdWxiNWTAMOG3T4TLi2Nw&oe=630119C5,https://www.instagram.com/tv/CCuG2Bnj9uS/,"Celebrating @naughty_dog_incâ€™s @thelastofusgame sequel by looking back at the original. Arguably the greatest game of all time ğŸ™ŒğŸ»! But what do you think about Part 2?
.
.
.
#thelastofus #thelastofus2 #thelastofuspart2 #joelandellie #EllieAndJoel #game #gamersofinstagram #gamerguy #gamerguys #gamergirl #gamergirls #gamer #gamers #gamerslife #gaming #videogame #videogames #consolegaming #consolegames #xbox #playstation #nintendo",VIDEO,12,n/a,n/a,120,1,11,n/a,
07-16-2020 22:22:44,https://scontent-lax3-1.cdninstagram.com/v/t51.29350-15/109132347_739264663556946_1005074838836896986_n.jpg?_nc_cat=105&ccb=1-7&_nc_sid=8ae9d6&_nc_ohc=hI6fgG4bVf0AX-T7M8H&_nc_ht=scontent-lax3-1.cdninstagram.com&edm=AEQ6tj4EAAAA&oh=00_AT8AwcbytHucaaymXOUQsq6ilydlHCNP4mrh8QqbS59axA&oe=63012497,https://www.instagram.com/tv/CCuCW9qD2Zu/,"As voted on by you! Do you have a favorite worst superhero performance?
.
.
.
#marvel #marvelcomics #marveluniverse #mcu #marvelcinematicuniverse #marvelstudios #dc #dccomics #dceu #dcextendeduniverse #dcuniverse #superhero #superheroes #superheromovie #comicbookmovies",VIDEO,69,n/a,n/a,2359,27,519,n/a,
07-13-2020 19:45:08,https://scontent-lax3-1.cdninstagram.com/v/t51.29350-15/107339427_3181929065199126_8104580278951377360_n.jpg?_nc_cat=108&ccb=1-7&_nc_sid=8ae9d6&_nc_ohc=F-Gc8XsZo6kAX9lTc_g&_nc_ht=scontent-lax3-1.cdninstagram.com&edm=AEQ6tj4EAAAA&oh=00_AT9NDHbOgv4w9SjjuKTjFxK71yT6QvOPLFTxfFiEu7hlrw&oe=63015AB3,https://www.instagram.com/tv/CCmCtv2nbeO/,Does the new season of Hanna live up to the hype? #amazon #hanna #ranker #celebritypage,VIDEO,19,n/a,n/a,90,1,11,n/a,
07-08-2020 17:11:03,https://scontent-lax3-2.cdninstagram.com/v/t51.29350-15/106717407_696880764490965_8096266509029067059_n.jpg?_nc_cat=101&ccb=1-7&_nc_sid=8ae9d6&_nc_ohc=74BEHp38OXsAX8mUkax&_nc_ht=scontent-lax3-2.cdninstagram.com&edm=AEQ6tj4EAAAA&oh=00_AT8Zhz3mQVurI687ABW6yKOl5xfzueipHEeggkfe-ZWPdA&oe=6300AAE0,https://www.instagram.com/tv/CCY5HgKjqOM/,Does the new season of 'Dark' live up to the hype? #dark #netflix #celebritypage #ranker,VIDEO,14,n/a,n/a,97,1,12,n/a,
06-30-2020 21:47:44,https://scontent-lax3-1.cdninstagram.com/v/t51.29350-15/105986113_897860460696073_6041132007588676081_n.jpg?_nc_cat=109&ccb=1-7&_nc_sid=8ae9d6&_nc_ohc=aEljk95wEP4AX87SVuq&_nc_ht=scontent-lax3-1.cdninstagram.com&edm=AEQ6tj4EAAAA&oh=00_AT_EqdPsHrUxlESJokMHkwoDzXBFYYIURO4GUjTYgQb5Nw&oe=63013784,https://www.instagram.com/tv/CCEyKqug9Sb/,Will the new season of 'NOS4A2' live up to the hype? #nos4a2 #amc #celebritypage #ranker,VIDEO,16,n/a,n/a,111,1,10,n/a,
06-26-2020 19:52:14,https://scontent-lax3-2.cdninstagram.com/v/t51.29350-15/106717515_1596277590549703_8929101380556020900_n.jpg?_nc_cat=103&ccb=1-7&_nc_sid=8ae9d6&_nc_ohc=StzoEWcO5m4AX-LIBCB&_nc_ht=scontent-lax3-2.cdninstagram.com&edm=AEQ6tj4EAAAA&oh=00_AT_cTw2lpvHZPRM4OS56e9o57LCthAYsoyAeEtj0COhHiA&oe=6300DEE8,https://www.instagram.com/tv/CB6RPdwArvp/,Do you think 'The Chi' will live up to the hype? #thechi #showtime #celebritypage #ranker,VIDEO,13,n/a,n/a,109,1,6,n/a,
06-19-2020 18:59:05,https://scontent-lax3-1.cdninstagram.com/v/t51.2885-15/104163292_328693981454232_3587705772456453771_n.jpg?_nc_cat=109&ccb=1-7&_nc_sid=8ae9d6&_nc_ohc=KDS1mStPD3AAX_sVCX9&_nc_ht=scontent-lax3-1.cdninstagram.com&edm=AEQ6tj4EAAAA&oh=00_AT-k_q2Us8HJgosq50tylG8i_zdVvHDX6vTa7GqspOWi7w&oe=6300BE00,https://www.instagram.com/tv/CBoKVMYA4_A/,Do you think 'F is For Family' will live up to the hype? #netflix #fisforfamily #billburr #celebritypage #ranker,VIDEO,182,n/a,n/a,129,1,7,n/a,
06-10-2020 00:27:45,https://scontent-lax3-1.cdninstagram.com/v/t51.2885-15/103120196_145797880383475_9113204687500181749_n.jpg?_nc_cat=109&ccb=1-7&_nc_sid=8ae9d6&_nc_ohc=L6pXWQZUO4gAX_YLEbU&_nc_ht=scontent-lax3-1.cdninstagram.com&edm=AEQ6tj4EAAAA&oh=00_AT9KIWcktMmodao9rBNcsoLH72z46GQ_Nq4qX2Q6OZc6hg&oe=630102B4,https://www.instagram.com/tv/CBO__22AyjA/,Does the final season of '13 Reasons Why' live up to the hype? #13reasonswhy #netflix #celebritypage #watchworthy #ranker,VIDEO,70,n/a,n/a,124,7,6,n/a,
06-01-2020 20:55:53,https://scontent-lax3-1.cdninstagram.com/v/t51.2885-15/101645518_243996646889634_8314260246119843827_n.jpg?_nc_cat=102&ccb=1-7&_nc_sid=8ae9d6&_nc_ohc=3mxVkTQGwacAX_a2Fsk&_nc_ht=scontent-lax3-1.cdninstagram.com&edm=AEQ6tj4EAAAA&oh=00_AT8LmNrQkYVO_rvZU5AQbek0lg-3Z9V7R5OStrdhfmpbIw&oe=630069E5,https://www.instagram.com/tv/CA6BgptHGIZ/,Will the second season of 'Nancy Drew' live up to the hype? #ranker #nancydrew #thecw #celebritypage,VIDEO,13,n/a,n/a,154,0,18,n/a,
05-26-2020 21:02:17,https://scontent-lax3-2.cdninstagram.com/v/t51.2885-15/100983492_3011038002449305_7111721642056308853_n.jpg?_nc_cat=103&ccb=1-7&_nc_sid=8ae9d6&_nc_ohc=gEp2Ph4u7K4AX8NDl-y&_nc_ht=scontent-lax3-2.cdninstagram.com&edm=AEQ6tj4EAAAA&oh=00_AT8rs369pVZ607Yq0WE4T0P5dOxQ8AEbLVzl8HZey-ITNA&oe=6301AF83,https://www.instagram.com/tv/CAqlMsPH637/,Will the new season of 'Agents of Shield' live up to the hype? #ranker #celebritypage #agentsofshield #marvel #abc,VIDEO,73,n/a,n/a,165,0,17,n/a,
05-20-2020 21:48:16,https://scontent-lax3-1.cdninstagram.com/v/t51.2885-15/98488531_870125913476162_7954066762367041479_n.jpg?_nc_cat=104&ccb=1-7&_nc_sid=8ae9d6&_nc_ohc=L9H2LYNVpLEAX-w-8YZ&_nc_ht=scontent-lax3-1.cdninstagram.com&edm=AEQ6tj4EAAAA&oh=00_AT9ysr7q5mSR9kLxgSoJcwhxx_2utox5KZ2Nxp0Z1OCiTQ&oe=6300F29E,https://www.instagram.com/tv/CAbN4OAgxGt/,Does 'Kimmy vs. the Reverand' live up to the hype? #ranker #celebritypage #unbreakablekimmyschmidt #netflix,VIDEO,10,n/a,n/a,138,2,14,n/a,
05-14-2020 22:33:59,https://scontent-lax3-1.cdninstagram.com/v/t51.2885-15/96832093_2583541605297041_2738570692423339707_n.jpg?_nc_cat=110&ccb=1-7&_nc_sid=8ae9d6&_nc_ohc=LV3aUJEz3FUAX_QN7pY&_nc_ht=scontent-lax3-1.cdninstagram.com&edm=AEQ6tj4EAAAA&oh=00_AT-Oz2rYi07jeNRMk5O-Bo4CZLnvUS6RGJhdbaTrHgnWmQ&oe=6301ABFF,https://www.instagram.com/tv/CAL2gwWAVDF/,Courtesy of @highwaytothedavidzone #covid19 #coronavirus #phineasandferb #quarantine,VIDEO,73,n/a,n/a,1043,4,385,n/a,
05-13-2020 22:56:40,https://scontent-lax3-2.cdninstagram.com/v/t51.2885-15/97164473_167599871338904_367847033681246151_n.jpg?_nc_cat=100&ccb=1-7&_nc_sid=8ae9d6&_nc_ohc=U_Bmek1fBVoAX-etbs0&_nc_ht=scontent-lax3-2.cdninstagram.com&edm=AEQ6tj4EAAAA&oh=00_AT__4PLhRBWeQQPeOJwg5igUdIeA3EZC7UZd9MS7O9KOBw&oe=6300EBCF,https://www.instagram.com/tv/CAJUJpUgbVO/,Will the new season of 'Rick and Morty' live up to the hype? #rickandmorty #adultswim #ranker #celebritypage,VIDEO,27,n/a,n/a,230,2,41,n/a,
04-24-2020 00:17:20,https://scontent-lax3-1.cdninstagram.com/v/t51.2885-15/94684768_132282441718218_1213972600015508434_n.jpg?_nc_cat=104&ccb=1-7&_nc_sid=8ae9d6&_nc_ohc=A5Z9pSo-S-YAX9oT4Ya&_nc_ht=scontent-lax3-1.cdninstagram.com&edm=AEQ6tj4EAAAA&oh=00_AT9gcXkXT8PzWv65eWeEvcLKGlRggiRLVLVpVvGgiQ-Ppw&oe=63015E53,https://www.instagram.com/tv/B_V9jJGF-OQ/,Will 'Penny Dreadful: City of Angels' live up to the hype? #pennydreadful #celebritypage #ranker,VIDEO,38,n/a,n/a,186,1,30,n/a,
04-22-2020 00:50:52,https://scontent-lax3-2.cdninstagram.com/v/t51.2885-15/94636753_2617819788320226_735073835095380050_n.jpg?_nc_cat=106&ccb=1-7&_nc_sid=8ae9d6&_nc_ohc=HoENRiBCIZYAX_htFsp&_nc_ht=scontent-lax3-2.cdninstagram.com&edm=AEQ6tj4EAAAA&oh=00_AT83XpxWEGr-TZYPo21dlGUcGtYRZP_qgyTc86GGFowolg&oe=6300F816,https://www.instagram.com/tv/B_Q3yL3lygN/,What Fans Are Saying About 'Insecure'. #Insecure #hbo #ranker,VIDEO,8,n/a,n/a,137,2,10,n/a,
04-13-2020 23:32:17,https://scontent-lax3-2.cdninstagram.com/v/t51.2885-15/93988769_3032118780142283_4143881333269356060_n.jpg?_nc_cat=111&ccb=1-7&_nc_sid=8ae9d6&_nc_ohc=lJpRBpceVJUAX_8SIbT&_nc_ht=scontent-lax3-2.cdninstagram.com&edm=AEQ6tj4EAAAA&oh=00_AT-rInRlQb573s09hHOLQlMVEhYbOXmgFO8WDQKyViQN7w&oe=63004614,https://www.instagram.com/tv/B-8IWy-jCD8/,Did the final season of 'Schitt's Creek' live up to the hype? #schittscreek #netflix #ranker,VIDEO,288,n/a,n/a,181,1,21,n/a,
04-08-2020 21:19:47,https://scontent-lax3-1.cdninstagram.com/v/t51.2885-15/93097312_133209218271236_2946503774079515274_n.jpg?_nc_cat=108&ccb=1-7&_nc_sid=8ae9d6&_nc_ohc=F3eDof2gSO4AX86xyPy&_nc_ht=scontent-lax3-1.cdninstagram.com&edm=AEQ6tj4EAAAA&oh=00_AT8wwIgiWRfzPjZ2SWZutY4xJl1Ry0jO2PCj1yJuuBJ8Bw&oe=6301D84E,https://www.instagram.com/tv/B-vBQfIgsxp/,Will the final episodes of 'How To Get Away With Murder' live up to the hype? #ranker #htgawm #shondarhimes #abc,VIDEO,11,n/a,n/a,157,3,21,n/a,
04-08-2020 17:20:41,https://scontent-lax3-1.cdninstagram.com/v/t51.2885-15/92810290_509597103254162_1410540321997583636_n.jpg?_nc_cat=105&ccb=1-7&_nc_sid=8ae9d6&_nc_ohc=Gx-FQeSJyMEAX-fk7N0&_nc_ht=scontent-lax3-1.cdninstagram.com&edm=AEQ6tj4EAAAA&oh=00_AT_15ANDg4s5LDbFkN8AfH1SY_evTwEz3gqWEJbCpMEolw&oe=630198DC,https://www.instagram.com/tv/B-ul5Lvgmvl/,Does the new season of 'Ozark' live up to the hype? #ozark #netflix #celebritypage #ranker,VIDEO,9,n/a,n/a,213,5,24,n/a,
03-23-2020 18:17:22,https://scontent-lax3-2.cdninstagram.com/v/t51.2885-15/90432559_2768550309881474_237660804733047938_n.jpg?_nc_cat=106&ccb=1-7&_nc_sid=8ae9d6&_nc_ohc=DsI64RcVNBgAX95MX4p&_nc_ht=scontent-lax3-2.cdninstagram.com&edm=AEQ6tj4EAAAA&oh=00_AT8OyUMK3cIwVvNFYfuRLYl4-rajtmNmMCPz37dXOIKCaA&oe=6300F192,https://www.instagram.com/tv/B-Ffrxrgohe/,Will the new season of 'Top Chef' live up to the hype? #ranker #celebritypage #topchef,VIDEO,6,n/a,n/a,157,0,7,n/a,
03-16-2020 23:48:41,https://scontent-lax3-2.cdninstagram.com/v/t51.2885-15/90089580_493224564708177_4541992844391396479_n.jpg?_nc_cat=111&ccb=1-7&_nc_sid=8ae9d6&_nc_ohc=As6d-Kesz8cAX_PUaaY&_nc_ht=scontent-lax3-2.cdninstagram.com&edm=AEQ6tj4EAAAA&oh=00_AT8qc2OLzRk9OJWDpPp1qYJpOllsfEHiGN7KbkfhKFpxhQ&oe=63007B40,https://www.instagram.com/tv/B90D-qyFnWZ/,Will the new season of 'Westworld' live up to the hype? #hbo #westworld #ranker #celebritypage,VIDEO,13,n/a,n/a,267,0,43,n/a,
03-06-2020 20:08:12,https://scontent-lax3-2.cdninstagram.com/v/t51.2885-15/88374782_517498072506056_3139012895133209636_n.jpg?_nc_cat=107&ccb=1-7&_nc_sid=8ae9d6&_nc_ohc=H3eumKVUvYYAX8IJQyw&_nc_ht=scontent-lax3-2.cdninstagram.com&edm=AEQ6tj4EAAAA&oh=00_AT_IXV8SM4b19PbrrLm--RLpm4VsZval4qiO6ftMVFJ2DA&oe=630189A4,https://www.instagram.com/tv/B9Z7ATfFmuq/,Will the new season of 'Better Things' live up to the hype? #netflix #ranker #celebritypage #betterthings,VIDEO,6,n/a,n/a,146,1,15,n/a,
03-02-2020 19:40:34,https://scontent-lax3-2.cdninstagram.com/v/t51.2885-15/89003094_842004286262967_5155211160438071792_n.jpg?_nc_cat=111&ccb=1-7&_nc_sid=8ae9d6&_nc_ohc=9IhAErJMI74AX9m4jMx&_nc_ht=scontent-lax3-2.cdninstagram.com&edm=AEQ6tj4EAAAA&oh=00_AT_YUMffMa2YR2JaxMgw9S-Ub9ZEBmgBBLJgRFKSaGxryg&oe=63008087,https://www.instagram.com/tv/B9PknjCFe8n/,Does the new season of 'Altered Carbon' live up to the hype? #totalnerd #celebritypage #alteredcarbon,VIDEO,194,n/a,n/a,589,16,81,n/a,
02-21-2020 22:45:07,https://scontent-lax3-1.cdninstagram.com/v/t51.2885-15/87233380_542202989985131_7496977134104618714_n.jpg?_nc_cat=108&ccb=1-7&_nc_sid=8ae9d6&_nc_ohc=MOhddyn03qIAX-KrfTz&_nc_ht=scontent-lax3-1.cdninstagram.com&edm=AEQ6tj4EAAAA&oh=00_AT8lBdPujPLgG9x4FNOoSSO2Q9jE9BERna0R8BTUo6YVEg&oe=6301F9C8,https://www.instagram.com/tv/B82J1USgFvM/,Will the new season of 'Better Call Saul' live up to the hype? #bettercallsaul #amc #celebritypage #ranker,VIDEO,28,n/a,n/a,245,1,26,n/a,
02-18-2020 19:22:31,https://scontent-lax3-2.cdninstagram.com/v/t51.2885-15/85197276_136414987855046_3385150985734428572_n.jpg?_nc_cat=100&ccb=1-7&_nc_sid=8ae9d6&_nc_ohc=Jtn-i7HmRAgAX-YyiYI&_nc_ht=scontent-lax3-2.cdninstagram.com&edm=AEQ6tj4EAAAA&oh=00_AT--RS3GNeMFOODuNCOjJs0N7oTwOMm0kAbSmsjcPgfMAA&oe=63015F10,https://www.instagram.com/tv/B8uEP6MgKnl/,Does the new season of 'Narcos: Mexico' live up to the hype? #celebritypage #netflix #narcos #ranker,VIDEO,7,n/a,n/a,193,2,22,n/a,
02-07-2020 23:11:16,https://scontent-lax3-2.cdninstagram.com/v/t51.2885-15/83018246_617562205701985_3510860170152356384_n.jpg?_nc_cat=106&ccb=1-7&_nc_sid=8ae9d6&_nc_ohc=iMLY4fVf294AX8P5PWG&_nc_ht=scontent-lax3-2.cdninstagram.com&edm=AEQ6tj4EAAAA&oh=00_AT-9wSAks2J3PMOBRr6iIr1XxKNbF0ixMOM1385tMdtEMw&oe=6300A106,https://www.instagram.com/tv/B8SJr1bFGRl/,Will the new season of 'Brookyln Nine-Nine' live up to the hype? #ranker #brooklyn99,VIDEO,10,n/a,n/a,266,2,26,n/a,
01-31-2020 00:07:34,https://scontent-lax3-2.cdninstagram.com/v/t51.2885-15/82229110_842814799496863_8963734732807446697_n.jpg?_nc_cat=103&ccb=1-7&_nc_sid=8ae9d6&_nc_ohc=vPp13TjniioAX-bBARk&_nc_ht=scontent-lax3-2.cdninstagram.com&edm=AEQ6tj4EAAAA&oh=00_AT8WiVXSa_wEZTBCdAgQfqhkREPmMJGtiUgGQlFcoQVzsQ&oe=630188D8,https://www.instagram.com/tv/B79pxJfAmBE/,Will the final season of 'Bojack Horseman' live up to the hype? #netflix #ranker #bojackhorseman,VIDEO,126,n/a,n/a,340,0,24,n/a,
01-24-2020 20:46:09,https://scontent-lax3-1.cdninstagram.com/v/t51.2885-15/83563617_153579372751478_4592651563996392011_n.jpg?_nc_cat=105&ccb=1-7&_nc_sid=8ae9d6&_nc_ohc=hNbGW3jf70UAX8KbXj0&_nc_ht=scontent-lax3-1.cdninstagram.com&edm=AEQ6tj4EAAAA&oh=00_AT-S2g2w639oU87Nq95ixVoDjsxNL_mXtQFlp_T68yCX-Q&oe=63009879,https://www.instagram.com/tv/B7t16ypgVh_/,Will the new season of 'Curb Your Enthusiasm' live up to the hype? #celebritypage #curbyourenthusiasm #ranker,VIDEO,34,n/a,n/a,162,1,17,n/a,
