timestamp,thumbnail,permalink,caption,type,total_interactions,followers,plays,reach,likes,comments,saves,shares
2022-08-10T22:36:30+0000,https://scontent-lax3-2.cdninstagram.com/v/t51.29350-15/298224084_796563064695204_2756150449879620091_n.jpg?_nc_cat=107&ccb=1-7&_nc_sid=8ae9d6&_nc_ohc=Ez5s_5plLo8AX_CUfZM&_nc_ht=scontent-lax3-2.cdninstagram.com&edm=AEQ6tj4EAAAA&oh=00_AT8NwrQw2PT6JmSO8S6ofdidstX1H9JkKZFRnMNkBfGGxA&oe=62FB2748,https://www.instagram.com/reel/ChGIpCOD627/,"#Groot and #StarLord know how to boogieüï∫
#IAmGroot‚Äôs first episode drops today on @disneyplus‚Ä¶ who‚Äôs watching? ‚úã

@totalnerd_ 

#marvel #guardiansofthegalaxy #guardiansofthegalaxyvol3 #mcu #omgmcu #peterquill #stopscrolling #movies #films #marveledit #totalnerd #disneyplus #marvelcomics #dancebreak #superheroes #guardiansofthegalaxysoundtrack",VIDEO,304,,8134,8041,265,1,20,18
2022-08-09T19:36:05+0000,https://video-lax3-1.cdninstagram.com/v/t50.33967-16/298289270_371978541784856_3528839926068368424_n.mp4?_nc_cat=105&vs=612203783871530_3109944996&_nc_vs=HBksFQAYJEdIYUl4eEVZMzlnQVVGSUJBQ2hVaFZZMzlmZ3dicV9FQUFBRhUAAsgBABUAGCRHSWdFeUJIWDhIeUdDYUlBQUN3UkUzcFJaSXNBYnFfRUFBQUYVAgLIAQAoABgAGwGIB3VzZV9vaWwBMRUAACaKj7LW%2FtfmQBUCKAJDMywXQCwAAAAAAAAYEmRhc2hfYmFzZWxpbmVfMV92MREAdQAA&ccb=1-7&_nc_sid=59939d&efg=eyJ2ZW5jb2RlX3RhZyI6InZ0c192b2RfdXJsZ2VuLjcyMC5jbGlwcyJ9&_nc_ohc=GGU-kbTsv7sAX-wILN_&_nc_ht=video-lax3-1.cdninstagram.com&edm=AEQ6tj4EAAAA&oh=00_AT8onf3uDr3v70LUR8IvXBfu1eiajWySXu1jwzwPWalFKw&oe=62F5D915&_nc_rid=63809677b5,https://www.instagram.com/reel/ChDPWPWDskK/,"Mushu flips the newspaper from left to right because traditional Chinese text was written in columns going from right to left.

Follow @totalnerd_ for more posts about movies, TV, and all things nerdy!‚Å† 

#disney #mulan #eddiemurphy #disneymovies #disneyplus #disneyprincess #disneychannel #disneyinsta #disneyfan #disneymagic #disneyaddict #disneyaddicts #disneyblogger #disneypixar #disneykid #disneyblogger #disneycharacters #disneymovie #disneyfans #disneyfanatic #dineyfandom #disneygeek #disneygeeks #disneynerd #disneynerds #disneynerdforlife",VIDEO,868,,22985,23242,749,5,72,42
2022-08-05T16:43:47+0000,https://scontent-lax3-2.cdninstagram.com/v/t51.29350-15/297436843_436704178396394_792494893302052957_n.jpg?_nc_cat=103&ccb=1-7&_nc_sid=8ae9d6&_nc_ohc=nvMbqIwiy2kAX8kCX9w&_nc_ht=scontent-lax3-2.cdninstagram.com&edm=AEQ6tj4EAAAA&oh=00_AT-P_l2VP48CApCjikjFj1WM0CxzP_Ro_JK4z5DBhN-MKQ&oe=62F9F076,https://www.instagram.com/reel/Cg4mKGnDG2m/,"Which project are you most excited for? üí•‚¨áÔ∏è

@totalnerd_ 
@marvel @marvelstudios 

#mcu #marvel #totalnerd #movies #film #marvelcomics #disneyplus #superheroes #marvelphase5 #phase5 #omgmcu #marvelmovies #comiccon #reels #reelsinstagram",VIDEO,737,,24614,24401,600,10,67,60
2022-08-02T22:53:30+0000,https://video-lax3-1.cdninstagram.com/v/t50.33967-16/296726494_441256617724961_3462905073541937993_n.mp4?_nc_cat=104&vs=424302369653238_3975303996&_nc_vs=HBksFQAYJEdONnZyeEVoVFBRUFVwRUJBRWw3WFMtUnRRNHdicV9FQUFBRhUAAsgBABUAGCRHSGNtdXhFUFJfZkJYTGNDQUx4bG9tdVhZZnRQYnFfRUFBQUYVAgLIAQAoABgAGwGIB3VzZV9vaWwBMRUAACbIhamFopfjPxUCKAJDMywXQEHAAAAAAAAYEmRhc2hfYmFzZWxpbmVfMV92MREAdQAA&ccb=1-7&_nc_sid=59939d&efg=eyJ2ZW5jb2RlX3RhZyI6InZ0c192b2RfdXJsZ2VuLjcyMC5jbGlwcyJ9&_nc_ohc=iPYVFPiTd4YAX_3N6bs&_nc_ht=video-lax3-1.cdninstagram.com&edm=AEQ6tj4EAAAA&oh=00_AT8oYTR-hYawzDT4ghvexYUBwRdf_8P-Ov1JbfPuv-Kz9w&oe=62F5DA4C&_nc_rid=466b3192a5,https://www.instagram.com/reel/Cgxj_CpDUOo/,"It‚Äôs not looking good for #Wakanda ü´£üåä

@totalnerd_ 
@blackpanther 

#blackpanther #wakandaforever #chadwickboseman #avengers #marvel #mcu #totalnerd #comic #movies #superhero",VIDEO,1667,,43782,44005,1295,24,215,133
2022-08-02T20:09:19+0000,https://video-lax3-1.cdninstagram.com/v/t50.33967-16/297069651_1059056024787049_4003956998957127941_n.mp4?_nc_cat=105&vs=761077058545864_2507974001&_nc_vs=HBksFQAYJEdGUHN0QkZwbUNleU5NTURBQVZaeHpxdDZaQTNicV9FQUFBRhUAAsgBABUAGCRHRzdHdEJFQWI4d016bkVFQU1haWJQa2JQcndzYnFfRUFBQUYVAgLIAQAoABgAGwGIB3VzZV9vaWwBMRUAACaowLzrxNrdPxUCKAJDMywXQDe7peNT988YEmRhc2hfYmFzZWxpbmVfMV92MREAdQAA&ccb=1-7&_nc_sid=59939d&efg=eyJ2ZW5jb2RlX3RhZyI6InZ0c192b2RfdXJsZ2VuLjcyMC5jbGlwcyJ9&_nc_ohc=7VdcjetX19AAX-ikYYt&_nc_ht=video-lax3-1.cdninstagram.com&edm=AEQ6tj4EAAAA&oh=00_AT_pkYQLwXVWp4fdkM6p0sn-_vzS7wAp9ss4talJc8Azrw&oe=62F5EB18&_nc_rid=724f0879f6,https://www.instagram.com/reel/CgxR1QnDph_/,"Even superhero movies can make fun of superhero movies üòÇ

#superhero #superheroes #superheroday #superheromemes #superherocostume #superherocomics #superheroteam #superheronerd #superheronerds #superherofilm #superherofilms #superheromovie #superheromovies #mcu #mcumemes #mcumarathon #omgmcu #mcuspiderman #mcumovies #mcufan #mcufacts #mcunerd #spidermannowayhome #spidermanhomecoming #spidermanfarfromhome #mcuvillains #avengers #avengers4",VIDEO,1034,,33614,31819,861,1,136,36
2022-08-01T14:43:55+0000,https://video-lax3-2.cdninstagram.com/v/t50.33967-16/294246346_357628079734178_7440335874312984542_n.mp4?_nc_cat=101&vs=722476132163584_4029595079&_nc_vs=HBksFQAYJEdNclhpUkdpZmFmR1FrVUJBTjVYQlo0T1lrRm5icV9FQUFBRhUAAsgBABUAGCRHQ2lqc0JGaGthc0RBVmdGQVBadEIycGZEZzk2YnFfRUFBQUYVAgLIAQAoABgAGwGIB3VzZV9vaWwBMRUAACbY7Zu9rsfxPxUCKAJDMywXQCVU%2FfO2RaIYEmRhc2hfYmFzZWxpbmVfMV92MREAdQAA&ccb=1-7&_nc_sid=59939d&efg=eyJ2ZW5jb2RlX3RhZyI6InZ0c192b2RfdXJsZ2VuLjcyMC5jbGlwcyJ9&_nc_ohc=UEVjiAzsjdwAX_rdSuY&_nc_oc=AQlbaHHonP55wIxuZFPlAx0zMWfOoAqCKqAuvqSsEEpNCOltUZWPUZk_rCObHV_z7O07SJrWmy_6rSNkDbJ482_9&_nc_ht=video-lax3-2.cdninstagram.com&edm=AEQ6tj4EAAAA&oh=00_AT_VfL5aAsJSQFCxL6rq6FePRlLNBIhjlnaowlIfpXUPQQ&oe=62F5D43B&_nc_rid=d7b59b0f5a,https://www.instagram.com/reel/CguHRIoDtaz/,"HOW is it August already? ü§®

@totalnerd_ 
@wbpictures 

#harrypotter #gryffindor #summer #summerbreak #warnerbrospictures #movies #film #wizard #totalnerd #wizardingworld #hogwarts #halfbloodprince #prisonerofazkaban #auntmarge #felixfelicis #liquidluck #summerproblems",VIDEO,945,,30984,29730,785,5,91,64
2022-07-27T19:38:10+0000,https://scontent-lax3-2.cdninstagram.com/v/t51.29350-15/295770380_573342857592301_1771930815977093420_n.jpg?_nc_cat=107&ccb=1-7&_nc_sid=8ae9d6&_nc_ohc=JJ6NPkiXK8wAX8iqGaw&_nc_ht=scontent-lax3-2.cdninstagram.com&edm=AEQ6tj4EAAAA&oh=00_AT_UyM864yh1SY17_AL9tKDToaqxfMDxiOu9yAVgYAU2xA&oe=62FA9444,https://www.instagram.com/reel/CghxbR2jYy_/,Pok√©mon fans were IN HEAVEN at San Diego Comic-Con!,VIDEO,505,,20076,20776,409,1,34,61
2022-07-27T17:57:59+0000,https://scontent-lax3-2.cdninstagram.com/v/t51.29350-15/295936386_1654307148284019_3513692036974109260_n.jpg?_nc_cat=101&ccb=1-7&_nc_sid=8ae9d6&_nc_ohc=TKa_3pE6p-kAX_Qzihg&_nc_ht=scontent-lax3-2.cdninstagram.com&edm=AEQ6tj4EAAAA&oh=00_AT8J5Esc3_2U5A3lZTumNTQp0acpXghMa6AYmCp_I-9BXw&oe=62F9B32E,https://www.instagram.com/reel/CghlmICj48K/,"The Golden Trio in the first film vs the last films‚Ä¶ Who‚Äôs your favorite #HarryPotter character?

@totalnerd_ 

#hp #goldentrio #hermionegranger #ronweasley #harrypotteredit #totalnerd #movies #film #warnerbros #wizardingworld #magic #gryffindor #sorcerersstone #deathlyhallows #witch #wizard #hogwarts",VIDEO,953,,21834,22070,851,6,75,21
2022-07-26T17:59:52+0000,https://video-lax3-1.cdninstagram.com/v/t50.33967-16/295331401_800124494487846_5952207335881082644_n.mp4?_nc_cat=105&vs=369471225312409_1318515327&_nc_vs=HBksFQAYJEdFbG1taEVtSVVXQXRkY0NBQlNIcWl3SmZacFNicV9FQUFBRhUAAsgBABUAGCRHQVk1b1JIZXJhckRRdVlCQU1yRjJXNGtNbEVLYnFfRUFBQUYVAgLIAQAoABgAGwGIB3VzZV9vaWwBMRUAACb0xbbjvafePxUCKAJDMywXQCbul41P3zsYEmRhc2hfYmFzZWxpbmVfMV92MREAdQAA&ccb=1-7&_nc_sid=59939d&efg=eyJ2ZW5jb2RlX3RhZyI6InZ0c192b2RfdXJsZ2VuLjcyMC5jbGlwcyJ9&_nc_ohc=NYpRa-yomkgAX_3soHe&_nc_oc=AQl2Vc11pBzPfJ4woX6zMKpQ1DiVTDRGdOrv9pvx5EObySFTUa48fSkmo2jetYBy-KzrdI5IWartyhs6mdbYibKH&_nc_ht=video-lax3-1.cdninstagram.com&edm=AEQ6tj4EAAAA&oh=00_AT9Cw2xExy97yvzuHXxeTeqFoOtrPEfqh-BRftLu7euVLg&oe=62F60277&_nc_rid=1bcb20ecd5,https://www.instagram.com/reel/CgfAf6EDQfr/,"Between Shuri, Nakia, Okoye, M‚ÄôBaku, and Ramonda, who do you think is the next Black Panther?

@totalnerd_ 
@blackpanther 

#blackpanther #wakandaforever #blackpantherwakandaforever #marvel #mcu #avengers #sdcc #comiccon #comics #superhero #chadwickboseman #danaigurira #winstonduke #lupitanyongo #letitiawright #angelabassett #phase4 #tchalla",VIDEO,581,,20320,20218,488,33,43,17
2022-07-25T16:26:24+0000,https://scontent-lax3-1.cdninstagram.com/v/t51.29350-15/295275732_764662838010983_218449203468962036_n.jpg?_nc_cat=110&ccb=1-7&_nc_sid=8ae9d6&_nc_ohc=7jyX9_-S3UMAX8hRrjG&_nc_ht=scontent-lax3-1.cdninstagram.com&edm=AEQ6tj4EAAAA&oh=00_AT_aeE1sz6bpRcbIhT3Yt8tSagAwYti_EAIwJXpWVmen_A&oe=62F97754,https://www.instagram.com/reel/CgcR-vyFXcG/,How is everyone at San Diego Comic-Con so creative?!,VIDEO,2214,,39435,39708,1903,12,100,199
2022-07-24T03:53:02+0000,https://video-lax3-1.cdninstagram.com/v/t50.33967-16/295599994_725672801849612_6468536513828737293_n.mp4?_nc_cat=102&vs=768016631042694_4215100737&_nc_vs=HBksFQAYJEdIcC1uaEVNMFpQZC1wTUNBQTNSWndPdzI4UlpicV9FQUFBRhUAAsgBABUAGCRHTDBfa3hHbEFHUm44RjRMQUFwdExrbzJGc2tvYnFfRUFBQUYVAgLIAQAoABgAGwGIB3VzZV9vaWwBMRUAACamyv3LwIjhPxUCKAJDMywXQCoNT987ZFoYEmRhc2hfYmFzZWxpbmVfMV92MREAdQAA&ccb=1-7&_nc_sid=59939d&efg=eyJ2ZW5jb2RlX3RhZyI6InZ0c192b2RfdXJsZ2VuLjcyMC5jbGlwcyJ9&_nc_ohc=nGdt1WXjKboAX9qaHTu&_nc_ht=video-lax3-1.cdninstagram.com&edm=AEQ6tj4EAAAA&oh=00_AT-wjj2X4qxAGSwrgVTwnAYZB-wpX3UmEjvjZUskxPl-wg&oe=62F5E403&_nc_rid=aeb8e6f6d0,https://www.instagram.com/reel/CgYW12rj_2O/,Is it even #comiccon if you don't see Deadpool?,VIDEO,10489,,225543,221097,9071,16,559,843
2022-07-20T22:35:11+0000,https://video-lax3-2.cdninstagram.com/v/t50.33967-16/294693889_186998177041835_8525004593487056347_n.mp4?_nc_cat=100&vs=356797393279137_1388257115&_nc_vs=HBksFQAYJEdBR3NrQkdyamVybkVxb0FBTnVOWHFlQzVrNTJicV9FQUFBRhUAAsgBABUAGCRHR1NYa2hIS2QzQmhtT2NDQUpfT3Q0YnlmeVlFYnFfRUFBQUYVAgLIAQAoABgAGwGIB3VzZV9vaWwBMRUAACaKs6zfmIvZPxUCKAJDMywXQB1U%2FfO2RaIYEmRhc2hfYmFzZWxpbmVfMV92MREAdQAA&ccb=1-7&_nc_sid=59939d&efg=eyJ2ZW5jb2RlX3RhZyI6InZ0c192b2RfdXJsZ2VuLjcyMC5jbGlwcyJ9&_nc_ohc=Mn24fAMfS1QAX_5isBp&_nc_ht=video-lax3-2.cdninstagram.com&edm=AEQ6tj4EAAAA&oh=00_AT_BLlhW1PMQ3izaw53PK8TcsFUazEbPhuPFfz37m1hlag&oe=62F5F2CF&_nc_rid=993a39cbd9,https://www.instagram.com/reel/CgQDsR3jb3f/,"Who is the best Spider-Man? üï∏

@totalnerd_ 
üé•: @theboystv 

#marvel #mcu #avengers #spiderman #theboys #homelander #amazonprimevideo #disneyplus #thor #andrewgarfield #tobeymaguire #tomholland #marvelmemes #movies #tv",VIDEO,5681,,81539,85606,4443,84,453,701
2022-07-13T18:35:40+0000,https://video-lax3-1.cdninstagram.com/v/t50.33967-16/292660064_782872372730375_8956881798653753459_n.mp4?_nc_cat=105&vs=573442071002110_1185405654&_nc_vs=HBksFQAYJEdHQ2pjUkVIV3E2dEJNZ0NBSE00NjBfS1BFMThicV9FQUFBRhUAAsgBABUAGCRHQnRQZ2hFRE9fVmlNak1VQUVZTkd5T056NEk5YnFfRUFBQUYVAgLIAQAoABgAGwGIB3VzZV9vaWwBMRUAACbW5ZSw0MjhPxUCKAJDMywXQEUEWhysCDEYEmRhc2hfYmFzZWxpbmVfMV92MREAdQAA&ccb=1-7&_nc_sid=59939d&efg=eyJ2ZW5jb2RlX3RhZyI6InZ0c192b2RfdXJsZ2VuLjcyMC5jbGlwcyJ9&_nc_ohc=C0tXr3eIaQgAX8Pf9Fn&_nc_ht=video-lax3-1.cdninstagram.com&edm=AEQ6tj4EAAAA&oh=00_AT-DAoam3ZG8iIJYnH6ZXZnmIoy5kwam5mq2gOisdqTD3Q&oe=62F5E4E2&_nc_rid=4d7b001b4f,https://www.instagram.com/reel/Cf9m8JkjM-D/,"Voldemort hugging Draco made us all uncomfortable, right?

@totalnerd_ 
@ranker 

#harrypotter #wizardingworld #hogwarts #dracomalfoy #tomfelton #hermionegranger #emmawatson #helenabonhamcarter #bellatrixlestrange #chamberofsecrets #deathlyhallows #danielradcliffe #voldemort #gryffindor #slytherin #magic #wizard #witch #totalnerd",VIDEO,1951,,39437,38982,1400,2,388,161
2022-07-12T20:00:05+0000,https://video-lax3-1.cdninstagram.com/v/t50.33967-16/293475066_717266159500341_4447905347204160344_n.mp4?_nc_cat=109&vs=1306346009772158_788357875&_nc_vs=HBksFQAYJEdQb1NmaEUxZktXS1dZd0NBRmdicXVaWUlybzlicV9FQUFBRhUAAsgBABUAGCRHRDNpZFJIQlhwVFRYbFFTQVByVE54WU5NbVVHYnFfRUFBQUYVAgLIAQAoABgAGwGIB3VzZV9vaWwBMRUAACb2mLrO4djqPxUCKAJDMywXQDB3S8an754YEmRhc2hfYmFzZWxpbmVfMV92MREAdQAA&ccb=1-7&_nc_sid=59939d&efg=eyJ2ZW5jb2RlX3RhZyI6InZ0c192b2RfdXJsZ2VuLjcyMC5jbGlwcyJ9&_nc_ohc=dEsTs-UR8wkAX8dUyNT&_nc_ht=video-lax3-1.cdninstagram.com&edm=AEQ6tj4EAAAA&oh=00_AT-FrqVINbR-22nVOkS9rHNFEsncFMlDLEwVhMHfHLyF_Q&oe=62F60501&_nc_rid=f3420da9a8,https://www.instagram.com/reel/Cf7MGqIDUST/,"The mighty #mjolnir‚Ä¶ reduced to a üßª holder.

@totalnerd_ 
@marvel @jimmykimmellive 

#thor #chrishemsworth #mcu #totalnerd #marvel #movies #film #disneyplus #thanos #superheroes #thorloveandthunder #avengers #omgmcu",VIDEO,2249,,52964,51839,1761,26,358,104
2022-07-08T17:43:50+0000,https://scontent-lax3-2.cdninstagram.com/v/t51.29350-15/292266151_406788301405228_894753111727309447_n.jpg?_nc_cat=107&ccb=1-7&_nc_sid=8ae9d6&_nc_ohc=dW8fEF77iqYAX_CEmg1&_nc_oc=AQlJIFPi-7CCnGmNhSJ0UPFntSjwzp286zHgV8Oz2Xg7M-hFTuQtGbCdaBxmzkCAXUrSAst05hhQswSs3EdOzlRY&_nc_ht=scontent-lax3-2.cdninstagram.com&edm=AEQ6tj4EAAAA&oh=00_AT87r4fMUjBSaL1eBbx17aSbcxs1hJlbeRku4Fl-EsFztA&oe=62F9F49C,https://www.instagram.com/reel/CfwowmBjNKu/,"#mjolnir or BUST üî®
‚ÄúThor: Love and Thunder‚Äù - who‚Äôs watching this weekend?!

@totalnerd_ 
@thorofficial @marvel 
@chrishemsworth @natalieportman @taikawaititi @tessamaethompson 

#thor #thorloveandthunder #godofthunder #mcu #marvel #loki #thorodinson #nerds #chrishemsworth #taikawaititi #reelsinstagram",VIDEO,1055,,29155,26934,949,0,72,34
2022-06-30T20:43:11+0000,https://video-lax3-2.cdninstagram.com/v/t50.33967-16/290762526_574875934072912_1486227609879706386_n.mp4?_nc_cat=111&vs=702417894193838_87492790&_nc_vs=HBksFQAYJEdCNnZWQkZRSU5lNzJBb0NBQkw3UVFZakpLQVVicV9FQUFBRhUAAsgBABUAGCRHTUtKV0JFaVNtSGtMcklEQUV3SUZmdXdoVDBDYnFfRUFBQUYVAgLIAQAoABgAGwGIB3VzZV9vaWwBMRUAACayjLHPmvW8PxUCKAJDMywXQDG7peNT988YEmRhc2hfYmFzZWxpbmVfMV92MREAdQAA&ccb=1-7&_nc_sid=59939d&efg=eyJ2ZW5jb2RlX3RhZyI6InZ0c192b2RfdXJsZ2VuLjcyMC5jbGlwcyJ9&_nc_ohc=x4_Jwt7ljrcAX_x9pI4&_nc_oc=AQngzWKVwBE34Wv59_pbZEnv6_Jw3JhGPg74HvjZqvrKWzs8PeO93290cZR_DvTN-lgHhTv6Lb03z80qQNupS__D&_nc_ht=video-lax3-2.cdninstagram.com&edm=AEQ6tj4EAAAA&oh=00_AT8YVrH0QdSYQw4xoCwwr2lJups8UnjA7ICc2alK4IqwFg&oe=62F5FE12&_nc_rid=7bcf1ff362,https://www.instagram.com/reel/CfcW8CTD7fI/,"Stormbreaker is a constant reminder of Heimdall and his sacrifice ‚ù§Ô∏è

üé§ @totalnerd_ 

#mcu #thor #thorloveandthunder #multiverseofmadness #chrishemsworth #avengers #marvel #taikawaititi #heimdall #natalieportman",VIDEO,5748,,122508,130722,4743,23,796,186
2022-06-29T20:45:55+0000,https://video-lax3-1.cdninstagram.com/v/t50.33967-16/291207736_585092642972185_6759511850133403804_n.mp4?_nc_cat=108&vs=451530826743022_99770083&_nc_vs=HBksFQAYJEdEaDZXeEVaSWlWLUl4UUNBSnk0UHRvMm5NNWRicV9FQUFBRhUAAsgBABUAGCRHRW5vVHhHQ1BmTlhmMzhCQURxc2xFOUFha1ZKYnFfRUFBQUYVAgLIAQAoABgAGwGIB3VzZV9vaWwBMRUAACa6tqyxnrOBQRUCKAJDMywXQEyVP3ztkWgYEmRhc2hfYmFzZWxpbmVfMV92MREAdQAA&ccb=1-7&_nc_sid=59939d&efg=eyJ2ZW5jb2RlX3RhZyI6InZ0c192b2RfdXJsZ2VuLjcyMC5jbGlwcyJ9&_nc_ohc=Khd7-TbpchUAX9QgB_H&_nc_ht=video-lax3-1.cdninstagram.com&edm=AEQ6tj4EAAAA&oh=00_AT9A6Xhih21uSyXAL9rl7k8i_t-B4SwLuG1MwwPkga7vWw&oe=62F5DBF2&_nc_rid=9987481477,https://www.instagram.com/reel/CfZybH1j9HA/,"Can you think of any actors who could ever top #willemdafoe #greengoblin performance? üëπ

@ranker 
@totalnerd_ 

#greengoblin #spiderman #nowayhome #willemdafoe #antagonist #totalnerd #ranker #spidey",VIDEO,1971,,35455,35282,1669,5,199,98
2022-06-27T18:53:47+0000,https://video-lax3-1.cdninstagram.com/v/t50.33967-16/289923662_810759979808445_3958926519577634887_n.mp4?_nc_cat=108&vs=1049408645965823_927756913&_nc_vs=HBksFQAYJEdFN2lSeEc5TnBqRVllRUNBRWRvVEx1eDd2QTJicV9FQUFBRhUAAsgBABUAGCRHQjZrVkJHR2wzTWtFcjBEQUMwNWpoQWJZVlE1YnFfRUFBQUYVAgLIAQAoABgAGwGIB3VzZV9vaWwBMRUAACbu4aPF6pfZPxUCKAJDMywXQDau2RaHKwIYEmRhc2hfYmFzZWxpbmVfMV92MREAdQAA&ccb=1-7&_nc_sid=59939d&efg=eyJ2ZW5jb2RlX3RhZyI6InZ0c192b2RfdXJsZ2VuLjcyMC5jbGlwcyJ9&_nc_ohc=Oj7rR4JAeoMAX97h6tO&_nc_ht=video-lax3-1.cdninstagram.com&edm=AEQ6tj4EAAAA&oh=00_AT_DDo-JCaSgp0cfD7VDgtFSxEp94MBtyHzYW1hRxQsvyw&oe=62F5DBF5&_nc_rid=3b9c056101,https://www.instagram.com/reel/CfUcgLzDsix/,"This sheds a whole new light on the iconic #kiss between #TobeyMaguire and @kirstendunst üòØ HAPPY BDAY @tobeymaguir üéâ

@watchworthyapp 
@totalnerd_ 

#spiderman #marvel #spidey #peterparker #mj #maryjanewatson #ranked #upsidedownkiss #reels",VIDEO,5650,,98534,107403,4247,9,729,665
2022-06-24T19:54:43+0000,https://video-lax3-2.cdninstagram.com/v/t50.33967-16/290220411_445181193695119_6563479455875484724_n.mp4?_nc_cat=103&vs=562176761966008_794281188&_nc_vs=HBksFQAYJEdIdHBUQkdQTF9uUzQ1UUJBRFJNQ0ZMS0tSWmJicV9FQUFBRhUAAsgBABUAGCRHTVZETnhISXNkN1lucllEQUdwczlGMEdONkZ0YnFfRUFBQUYVAgLIAQAoABgAGwGIB3VzZV9vaWwBMRUAACaQgKWkq87JPxUCKAJDMywXQEwIcrAgxJwYEmRhc2hfYmFzZWxpbmVfMV92MREAdQAA&ccb=1-7&_nc_sid=59939d&efg=eyJ2ZW5jb2RlX3RhZyI6InZ0c192b2RfdXJsZ2VuLjcyMC5jbGlwcyJ9&_nc_ohc=crOy3ntqws0AX8NEdFF&_nc_ht=video-lax3-2.cdninstagram.com&edm=AEQ6tj4EAAAA&oh=00_AT-ewCt1ivqeZU0GHmlMSkHfzkibMPeCuNCsU8m2km7REA&oe=62F5E101&_nc_rid=dcff6a6a3e,https://www.instagram.com/reel/CfM07SWDMZT/,"@southpark has over 300 eps üòß
If you enjoyed this vid, Visit our Nerdstalgic YouTube channel to watch similar videos ‚ö°Ô∏è

@totalnerd_ 
@ranker 

#southpark #southparkedit #worldofwarcraft #videogames #comedycentral #ranker #totalnerd",VIDEO,373,,16094,16923,307,2,47,17
